period,entity,bill_id,vendor_name,bill_date,amount,currency,age_days,status,notes
2025-08,ENT100,BILL-2025-08-ENT100-0001,Accenture PLC,2025-08-24,6022.98,USD,13,Outstanding,
2025-08,ENT100,BILL-2025-08-ENT100-0002,KPMG,2025-08-14,5440.81,USD,1,Outstanding,
2025-08,ENT100,BILL-2025-08-ENT100-0003,Accenture PLC,2025-08-11,7010.82,USD,17,Outstanding,
2025-08,ENT100,BILL-2025-08-ENT100-0004,IBM Corporation,2025-08-19,2802.75,USD,14,Outstanding,
2025-08,ENT100,BILL-2025-08-ENT100-0005,IBM Corporation,2025-08-17,2836.95,USD,43,Outstanding,
2025-08,ENT100,BILL-2025-08-ENT100-0006,Amazon Web Services,2025-08-20,7865.99,USD,24,Outstanding,Duplicate payment detected
2025-08,ENT100,BILL-2025-08-ENT100-0007,McKinsey & Company,2025-08-04,12407.03,USD,33,Outstanding,
2025-08,ENT100,BILL-2025-08-ENT100-0008,IBM Corporation,2025-08-17,1674.01,USD,41,Outstanding,
2025-08,ENT100,BILL-2025-08-ENT100-0009,Deloitte LLP,2025-08-27,8568.8,USD,55,Overdue,
2025-08,ENT100,BILL-2025-08-ENT100-0010,Oracle Corporation,2025-08-05,4255.9,USD,32,Outstanding,
2025-08,ENT100,BILL-2025-08-ENT100-0011,IBM Corporation,2025-08-24,3156.28,USD,54,Overdue,
2025-08,ENT100,BILL-2025-08-ENT100-0012,Cisco Systems,2025-08-19,3626.94,USD,30,Outstanding,
2025-08,ENT100,BILL-2025-08-ENT100-0013,SAP SE,2025-08-15,6005.41,USD,5,Outstanding,
2025-08,ENT100,BILL-2025-08-ENT100-0014,EY,2025-08-24,9661.92,USD,50,Overdue,
2025-08,ENT100,BILL-2025-08-ENT100-0015,PwC,2025-08-19,5696.18,USD,44,Outstanding,
2025-08,ENT100,BILL-2025-08-ENT100-0016,Google Cloud,2025-08-26,8783.98,USD,67,Overdue,
2025-08,ENT100,BILL-2025-08-ENT100-0017,SAP SE,2025-08-01,8195.6,USD,13,Outstanding,
2025-08,ENT100,BILL-2025-08-ENT100-0018,Salesforce Inc,2025-08-11,2726.65,USD,2,Outstanding,
2025-08,ENT100,BILL-2025-08-ENT100-0019,Microsoft Corp,2025-08-10,2896.48,USD,43,Outstanding,
2025-08,ENT100,BILL-2025-08-ENT100-0020,McKinsey & Company,2025-08-02,579.66,USD,64,Overdue,
2025-08,ENT100,BILL-2025-08-ENT100-0021,Adobe Systems,2025-08-24,10857.02,USD,37,Outstanding,
2025-08,ENT100,BILL-2025-08-ENT100-0022,EY,2025-08-17,8894.47,USD,68,Overdue,
2025-08,ENT100,BILL-2025-08-ENT100-0023,Microsoft Corp,2025-08-11,3412.53,USD,8,Outstanding,
2025-08,ENT100,BILL-2025-08-ENT100-0024,Cisco Systems,2025-08-03,13547.85,USD,0,Outstanding,
2025-08,ENT100,BILL-2025-08-ENT100-0025,Oracle Corporation,2025-08-03,7881.8,USD,36,Outstanding,
2025-08,ENT100,BILL-2025-08-ENT100-0026,EY,2025-08-14,7474.49,USD,25,Outstanding,
2025-08,ENT100,BILL-2025-08-ENT100-0027,Adobe Systems,2025-08-08,9450.73,USD,71,Overdue,
2025-08,ENT100,BILL-2025-08-ENT100-0028,Salesforce Inc,2025-08-19,4134.26,USD,37,Outstanding,
2025-08,ENT100,BILL-2025-08-ENT100-0029,EY,2025-08-01,5373.12,USD,65,Overdue,
2025-08,ENT100,BILL-2025-08-ENT100-0030,Adobe Systems,2025-08-08,14829.49,USD,50,Overdue,
2025-08,ENT100,BILL-2025-08-ENT100-0031,Salesforce Inc,2025-08-15,1384.91,USD,28,Outstanding,
2025-08,ENT100,BILL-2025-08-ENT100-0032,Amazon Web Services,2025-08-07,11092.9,USD,26,Outstanding,
2025-08,ENT100,BILL-2025-08-ENT100-0033,Accenture PLC,2025-08-04,10026.55,USD,65,Overdue,
2025-08,ENT100,BILL-2025-08-ENT100-0034,KPMG,2025-08-10,8618.7,USD,37,Outstanding,
2025-08,ENT100,BILL-2025-08-ENT100-0035,McKinsey & Company,2025-08-05,4321.61,USD,28,Outstanding,
2025-08,ENT100,BILL-2025-08-ENT100-0036,Deloitte LLP,2025-08-13,2338.26,USD,1,Outstanding,
2025-08,ENT100,BILL-2025-08-ENT100-0037,Oracle Corporation,2025-08-11,12702.11,USD,26,Outstanding,
2025-08,ENT100,BILL-2025-08-ENT100-0038,SAP SE,2025-08-10,10256.91,USD,37,Outstanding,
2025-08,ENT100,BILL-2025-08-ENT100-0039,Cisco Systems,2025-08-12,2541.55,USD,12,Outstanding,
2025-08,ENT100,BILL-2025-08-ENT100-0040,Deloitte LLP,2025-08-25,429.86,USD,59,Overdue,
2025-08,ENT100,BILL-2025-08-ENT100-0041,Cisco Systems,2025-08-24,5737.23,USD,36,Outstanding,
2025-08,ENT100,BILL-2025-08-ENT100-0042,Accenture PLC,2025-08-17,8645.51,USD,30,Outstanding,
2025-08,ENT100,BILL-2025-08-ENT100-0043,Salesforce Inc,2025-08-23,3220.48,USD,56,Overdue,
2025-08,ENT100,BILL-2025-08-ENT100-0044,McKinsey & Company,2025-08-23,3602.1,USD,39,Outstanding,
2025-08,ENT100,BILL-2025-08-ENT100-0045,Oracle Corporation,2025-08-20,3331.19,USD,56,Overdue,
2025-08,ENT100,BILL-2025-08-ENT100-0046,Amazon Web Services,2025-08-03,4800.38,USD,62,Overdue,
2025-08,ENT100,BILL-2025-08-ENT100-0047,Deloitte LLP,2025-08-18,9179.8,USD,33,Outstanding,
2025-08,ENT100,BILL-2025-08-ENT100-0048,PwC,2025-08-11,5590.94,USD,58,Overdue,
2025-08,ENT100,BILL-2025-08-ENT100-0049,Oracle Corporation,2025-08-20,4594.53,USD,69,Overdue,
2025-08,ENT100,BILL-2025-08-ENT100-0050,McKinsey & Company,2025-08-17,6610.82,USD,28,Outstanding,
2025-08,ENT100,BILL-2025-08-ENT100-0051,Salesforce Inc,2025-08-17,2503.57,USD,70,Overdue,
2025-08,ENT100,BILL-2025-08-ENT100-0052,SAP SE,2025-08-17,2967.95,USD,19,Outstanding,
2025-08,ENT100,BILL-2025-08-ENT100-0053,KPMG,2025-08-07,5739.11,USD,0,Outstanding,
2025-08,ENT100,BILL-2025-08-ENT100-0054,Google Cloud,2025-08-19,11003.61,USD,55,Overdue,
2025-08,ENT100,BILL-2025-08-ENT100-0055,Google Cloud,2025-08-16,3746.01,USD,39,Outstanding,
2025-08,ENT100,BILL-2025-08-ENT100-0056,Microsoft Corp,2025-08-14,592.81,USD,46,Overdue,
2025-08,ENT100,BILL-2025-08-ENT100-0057,McKinsey & Company,2025-08-06,233.64,USD,50,Overdue,
2025-08,ENT100,BILL-2025-08-ENT100-0058,Adobe Systems,2025-08-08,10764.54,USD,28,Outstanding,
2025-08,ENT100,BILL-2025-08-ENT100-0059,PwC,2025-08-14,4740.79,USD,33,Outstanding,
2025-08,ENT100,BILL-2025-08-ENT100-0060,Microsoft Corp,2025-08-23,7624.15,USD,31,Outstanding,
2025-08,ENT100,BILL-2025-08-ENT100-0061,McKinsey & Company,2025-08-03,4365.97,USD,58,Overdue,
2025-08,ENT100,BILL-2025-08-ENT100-0062,Google Cloud,2025-08-22,10351.69,USD,66,Overdue,
2025-08,ENT100,BILL-2025-08-ENT100-0063,Cisco Systems,2025-08-24,1832.67,USD,31,Outstanding,
2025-08,ENT100,BILL-2025-08-ENT100-0064,Amazon Web Services,2025-08-16,8577.05,USD,67,Overdue,
2025-08,ENT100,BILL-2025-08-ENT100-0065,Accenture PLC,2025-08-16,2115.71,USD,6,Outstanding,
2025-08,ENT100,BILL-2025-08-ENT100-0066,KPMG,2025-08-23,8068.41,USD,18,Outstanding,
2025-08,ENT100,BILL-2025-08-ENT100-0067,Oracle Corporation,2025-08-01,6689.1,USD,46,Overdue,
2025-08,ENT100,BILL-2025-08-ENT100-0068,Google Cloud,2025-08-10,9444.37,USD,1,Outstanding,
2025-08,ENT100,BILL-2025-08-ENT100-0069,Microsoft Corp,2025-08-06,1264.81,USD,8,Outstanding,
2025-08,ENT100,BILL-2025-08-ENT100-0070,Salesforce Inc,2025-08-03,8017.56,USD,23,Outstanding,
2025-08,ENT100,BILL-2025-08-ENT100-0071,IBM Corporation,2025-08-17,5156.64,USD,13,Outstanding,
2025-08,ENT100,BILL-2025-08-ENT100-0072,Adobe Systems,2025-08-13,10838.09,USD,24,Outstanding,
2025-08,ENT100,BILL-2025-08-ENT100-0073,KPMG,2025-08-26,8075.87,USD,57,Overdue,
2025-08,ENT100,BILL-2025-08-ENT100-0074,Deloitte LLP,2025-08-23,1874.95,USD,36,Outstanding,
2025-08,ENT100,BILL-2025-08-ENT100-0075,Microsoft Corp,2025-08-09,5783.38,USD,37,Outstanding,
2025-08,ENT100,BILL-2025-08-ENT100-0076,IBM Corporation,2025-08-25,12196.16,USD,26,Outstanding,
2025-08,ENT100,BILL-2025-08-ENT100-0077,Adobe Systems,2025-08-13,9682.22,USD,52,Overdue,
2025-08,ENT100,BILL-2025-08-ENT100-0078,Oracle Corporation,2025-08-17,2480.95,USD,25,Outstanding,
2025-08,ENT100,BILL-2025-08-ENT100-0079,Google Cloud,2025-08-22,6933.48,USD,64,Overdue,
2025-08,ENT100,BILL-2025-08-ENT100-0080,KPMG,2025-08-19,397.97,USD,25,Outstanding,
2025-08,ENT100,BILL-2025-08-ENT100-0081,Adobe Systems,2025-08-17,1314.12,USD,58,Overdue,
2025-08,ENT100,BILL-2025-08-ENT100-0082,McKinsey & Company,2025-08-22,2767.56,USD,54,Overdue,
2025-08,ENT100,BILL-2025-08-ENT100-0083,Deloitte LLP,2025-08-19,991.49,USD,61,Overdue,
2025-08,ENT100,BILL-2025-08-ENT100-0084,Accenture PLC,2025-08-02,4834.99,USD,72,Overdue,
2025-08,ENT100,BILL-2025-08-ENT100-0085,Deloitte LLP,2025-08-01,597.09,USD,60,Overdue,
2025-08,ENT100,BILL-2025-08-ENT100-0086,Google Cloud,2025-08-25,4053.13,USD,38,Outstanding,
2025-08,ENT100,BILL-2025-08-ENT100-0087,Google Cloud,2025-08-06,7486.43,USD,11,Outstanding,
2025-08,ENT100,BILL-2025-08-ENT100-0088,KPMG,2025-08-27,7648.06,USD,48,Overdue,
2025-08,ENT100,BILL-2025-08-ENT100-0089,Cisco Systems,2025-08-12,8316.32,USD,61,Overdue,
2025-08,ENT100,BILL-2025-08-ENT100-0090,Cisco Systems,2025-08-21,10266.18,USD,69,Overdue,
2025-08,ENT100,BILL-2025-08-ENT100-0091,McKinsey & Company,2025-08-26,5033.71,USD,25,Outstanding,
2025-08,ENT100,BILL-2025-08-ENT100-0092,Salesforce Inc,2025-08-16,1115.39,USD,70,Overdue,
2025-08,ENT101,BILL-2025-08-ENT101-0001,PwC,2025-08-17,2586.52,EUR,34,Outstanding,
2025-08,ENT101,BILL-2025-08-ENT101-0002,EY,2025-08-11,634.67,EUR,71,Overdue,
2025-08,ENT101,BILL-2025-08-ENT101-0003,Cisco Systems,2025-08-21,13333.9,EUR,25,Outstanding,
2025-08,ENT101,BILL-2025-08-ENT101-0004,Oracle Corporation,2025-08-06,9512.79,EUR,27,Outstanding,
2025-08,ENT101,BILL-2025-08-ENT101-0005,Deloitte LLP,2025-08-04,6333.89,EUR,14,Outstanding,
2025-08,ENT101,BILL-2025-08-ENT101-0006,Microsoft Corp,2025-08-06,2140.48,EUR,45,Overdue,
2025-08,ENT101,BILL-2025-08-ENT101-0007,Oracle Corporation,2025-08-11,6750.13,EUR,46,Overdue,
2025-08,ENT101,BILL-2025-08-ENT101-0008,Deloitte LLP,2025-08-25,17881.27,EUR,35,Outstanding,
2025-08,ENT101,BILL-2025-08-ENT101-0009,EY,2025-08-19,2062.41,EUR,33,Outstanding,
2025-08,ENT101,BILL-2025-08-ENT101-0010,EY,2025-08-16,4078.3,EUR,51,Overdue,
2025-08,ENT101,BILL-2025-08-ENT101-0011,EY,2025-08-16,11232.38,EUR,35,Outstanding,
2025-08,ENT101,BILL-2025-08-ENT101-0012,Accenture PLC,2025-08-17,3637.2,EUR,3,Outstanding,
2025-08,ENT101,BILL-2025-08-ENT101-0013,KPMG,2025-08-10,5371.55,EUR,38,Outstanding,
2025-08,ENT101,BILL-2025-08-ENT101-0014,KPMG,2025-08-24,5270.74,EUR,41,Outstanding,
2025-08,ENT101,BILL-2025-08-ENT101-0015,Accenture PLC,2025-08-24,14312.53,EUR,44,Outstanding,
2025-08,ENT101,BILL-2025-08-ENT101-0016,SAP SE,2025-08-13,5615.47,EUR,21,Outstanding,
2025-08,ENT101,BILL-2025-08-ENT101-0017,Cisco Systems,2025-08-15,25291.89,EUR,9,Outstanding,
2025-08,ENT101,BILL-2025-08-ENT101-0018,Cisco Systems,2025-08-10,7917.54,EUR,71,Overdue,
2025-08,ENT101,BILL-2025-08-ENT101-0019,Google Cloud,2025-08-18,2005.91,EUR,23,Outstanding,
2025-08,ENT101,BILL-2025-08-ENT101-0020,IBM Corporation,2025-08-07,3405.78,EUR,73,Overdue,
2025-08,ENT101,BILL-2025-08-ENT101-0021,McKinsey & Company,2025-08-18,7038.43,EUR,68,Overdue,
2025-08,ENT101,BILL-2025-08-ENT101-0022,Adobe Systems,2025-08-12,3145.38,EUR,32,Outstanding,
2025-08,ENT101,BILL-2025-08-ENT101-0023,Deloitte LLP,2025-08-03,1866.01,EUR,70,Overdue,
2025-08,ENT101,BILL-2025-08-ENT101-0024,EY,2025-08-14,6585.04,EUR,56,Overdue,
2025-08,ENT101,BILL-2025-08-ENT101-0025,Accenture PLC,2025-08-18,4240.14,EUR,66,Overdue,
2025-08,ENT101,BILL-2025-08-ENT101-0026,Salesforce Inc,2025-08-07,3411.85,EUR,40,Outstanding,
2025-08,ENT101,BILL-2025-08-ENT101-0027,Cisco Systems,2025-08-07,7796.57,EUR,35,Outstanding,
2025-08,ENT101,BILL-2025-08-ENT101-0028,IBM Corporation,2025-08-04,12854.57,EUR,2,Outstanding,
2025-08,ENT101,BILL-2025-08-ENT101-0029,Salesforce Inc,2025-08-04,2322.87,EUR,12,Outstanding,
2025-08,ENT101,BILL-2025-08-ENT101-0030,Deloitte LLP,2025-08-05,3350.9,EUR,43,Outstanding,
2025-08,ENT101,BILL-2025-08-ENT101-0031,KPMG,2025-08-03,1799.47,EUR,43,Outstanding,
2025-08,ENT101,BILL-2025-08-ENT101-0032,Microsoft Corp,2025-08-22,10284.08,EUR,69,Overdue,
2025-08,ENT101,BILL-2025-08-ENT101-0033,PwC,2025-08-08,16571.54,EUR,21,Outstanding,
2025-08,ENT101,BILL-2025-08-ENT101-0034,McKinsey & Company,2025-08-05,7948.97,EUR,30,Outstanding,
2025-08,ENT101,BILL-2025-08-ENT101-0035,PwC,2025-08-25,6702.65,EUR,54,Overdue,
2025-08,ENT101,BILL-2025-08-ENT101-0036,Amazon Web Services,2025-08-12,1668.76,EUR,7,Outstanding,
2025-08,ENT101,BILL-2025-08-ENT101-0037,Amazon Web Services,2025-08-19,472.54,EUR,4,Outstanding,
2025-08,ENT101,BILL-2025-08-ENT101-0038,IBM Corporation,2025-08-12,4020.23,EUR,64,Overdue,
2025-08,ENT101,BILL-2025-08-ENT101-0039,Salesforce Inc,2025-08-08,3540.23,EUR,31,Outstanding,
2025-08,ENT101,BILL-2025-08-ENT101-0040,Amazon Web Services,2025-08-12,7204.72,EUR,37,Outstanding,
2025-08,ENT101,BILL-2025-08-ENT101-0041,Deloitte LLP,2025-08-21,2393.74,EUR,1,Outstanding,
2025-08,ENT101,BILL-2025-08-ENT101-0042,Google Cloud,2025-08-01,2848.74,EUR,74,Overdue,
2025-08,ENT101,BILL-2025-08-ENT101-0043,Google Cloud,2025-08-23,2316.86,EUR,5,Outstanding,
2025-08,ENT101,BILL-2025-08-ENT101-0044,Oracle Corporation,2025-08-15,635.16,EUR,59,Overdue,
2025-08,ENT101,BILL-2025-08-ENT101-0045,Google Cloud,2025-08-06,6050.22,EUR,44,Outstanding,
2025-08,ENT101,BILL-2025-08-ENT101-0046,EY,2025-08-10,373.49,EUR,29,Outstanding,
2025-08,ENT101,BILL-2025-08-ENT101-0047,Oracle Corporation,2025-08-09,8764.06,EUR,14,Outstanding,
2025-08,ENT101,BILL-2025-08-ENT101-0048,Google Cloud,2025-08-27,8940.73,EUR,1,Outstanding,
2025-08,ENT101,BILL-2025-08-ENT101-0049,IBM Corporation,2025-08-25,6059.28,EUR,65,Overdue,
2025-08,ENT101,BILL-2025-08-ENT101-0050,McKinsey & Company,2025-08-01,5896.47,EUR,35,Outstanding,
2025-08,ENT101,BILL-2025-08-ENT101-0051,Google Cloud,2025-08-20,24376.3,EUR,2,Outstanding,
2025-08,ENT101,BILL-2025-08-ENT101-0052,Oracle Corporation,2025-08-25,4725.14,EUR,12,Outstanding,
2025-08,ENT101,BILL-2025-08-ENT101-0053,KPMG,2025-08-15,5676.92,EUR,67,Overdue,
2025-08,ENT101,BILL-2025-08-ENT101-0054,EY,2025-08-13,2438.84,EUR,30,Outstanding,
2025-08,ENT101,BILL-2025-08-ENT101-0055,PwC,2025-08-11,4455.46,EUR,1,Outstanding,
2025-08,ENT101,BILL-2025-08-ENT101-0056,Google Cloud,2025-08-19,9130.6,EUR,4,Outstanding,
2025-08,ENT101,BILL-2025-08-ENT101-0057,Cisco Systems,2025-08-18,3811.83,EUR,30,Outstanding,
2025-08,ENT101,BILL-2025-08-ENT101-0058,Google Cloud,2025-08-23,3687.14,EUR,8,Outstanding,
2025-08,ENT101,BILL-2025-08-ENT101-0059,Amazon Web Services,2025-08-01,3180.36,EUR,3,Outstanding,
2025-08,ENT101,BILL-2025-08-ENT101-0060,KPMG,2025-08-17,3818.77,EUR,51,Overdue,
2025-08,ENT101,BILL-2025-08-ENT101-0061,EY,2025-08-05,8381.54,EUR,62,Overdue,
2025-08,ENT101,BILL-2025-08-ENT101-0062,Deloitte LLP,2025-08-03,22465.45,EUR,6,Outstanding,
2025-08,ENT101,BILL-2025-08-ENT101-0063,EY,2025-08-22,12881.8,EUR,4,Outstanding,
2025-08,ENT101,BILL-2025-08-ENT101-0064,SAP SE,2025-08-27,4663.79,EUR,20,Outstanding,
2025-08,ENT101,BILL-2025-08-ENT101-0065,Oracle Corporation,2025-08-24,7780.97,EUR,38,Outstanding,
2025-08,ENT101,BILL-2025-08-ENT101-0066,Microsoft Corp,2025-08-21,14081.31,EUR,52,Overdue,
2025-08,ENT101,BILL-2025-08-ENT101-0067,Adobe Systems,2025-08-21,1717.27,EUR,51,Overdue,
2025-08,ENT101,BILL-2025-08-ENT101-0068,Amazon Web Services,2025-08-04,3201.98,EUR,33,Outstanding,
2025-08,ENT101,BILL-2025-08-ENT101-0069,SAP SE,2025-08-20,9720.19,EUR,28,Outstanding,
2025-08,ENT101,BILL-2025-08-ENT101-0070,Salesforce Inc,2025-08-10,2017.66,EUR,12,Outstanding,
2025-08,ENT101,BILL-2025-08-ENT101-0071,Microsoft Corp,2025-08-01,12410.78,EUR,9,Outstanding,
2025-08,ENT101,BILL-2025-08-ENT101-0072,PwC,2025-08-08,2276.59,EUR,20,Outstanding,
2025-08,ENT101,BILL-2025-08-ENT101-0073,McKinsey & Company,2025-08-08,14415.53,EUR,48,Overdue,
2025-08,ENT101,BILL-2025-08-ENT101-0074,Google Cloud,2025-08-23,12930.43,EUR,44,Outstanding,
2025-08,ENT101,BILL-2025-08-ENT101-0075,Salesforce Inc,2025-08-23,3678.44,EUR,42,Outstanding,
2025-08,ENT101,BILL-2025-08-ENT101-0076,Salesforce Inc,2025-08-24,5612.65,EUR,23,Outstanding,
2025-08,ENT101,BILL-2025-08-ENT101-0077,Google Cloud,2025-08-15,1796.02,EUR,6,Outstanding,
2025-08,ENT101,BILL-2025-08-ENT101-0078,Oracle Corporation,2025-08-11,2636.23,EUR,57,Overdue,
2025-08,ENT101,BILL-2025-08-ENT101-0079,McKinsey & Company,2025-08-10,13230.0,EUR,37,Outstanding,
2025-08,ENT101,BILL-2025-08-ENT101-0080,Cisco Systems,2025-08-17,6792.82,EUR,7,Outstanding,
2025-08,ENT101,BILL-2025-08-ENT101-0081,EY,2025-08-17,1653.71,EUR,35,Outstanding,
2025-08,ENT101,BILL-2025-08-ENT101-0082,IBM Corporation,2025-08-09,15139.81,EUR,40,Outstanding,
2025-08,ENT101,BILL-2025-08-ENT101-0083,PwC,2025-08-21,3745.09,EUR,35,Outstanding,
2025-08,ENT101,BILL-2025-08-ENT101-0084,Oracle Corporation,2025-08-02,6105.25,EUR,12,Outstanding,
2025-08,ENT101,BILL-2025-08-ENT101-0085,Accenture PLC,2025-08-02,6115.86,EUR,10,Outstanding,
2025-08,ENT101,BILL-2025-08-ENT101-0086,Adobe Systems,2025-08-08,10318.33,EUR,17,Outstanding,
2025-08,ENT101,BILL-2025-08-ENT101-0087,Amazon Web Services,2025-08-26,4958.78,EUR,21,Outstanding,
2025-08,ENT101,BILL-2025-08-ENT101-0088,Google Cloud,2025-08-21,3153.93,EUR,43,Outstanding,
2025-08,ENT101,BILL-2025-08-ENT101-0089,Salesforce Inc,2025-08-23,7374.27,EUR,38,Outstanding,
2025-08,ENT101,BILL-2025-08-ENT101-0090,Oracle Corporation,2025-08-15,10232.29,EUR,17,Outstanding,
2025-08,ENT101,BILL-2025-08-ENT101-0091,Adobe Systems,2025-08-08,4919.74,EUR,6,Outstanding,
2025-08,ENT101,BILL-2025-08-ENT101-0092,Deloitte LLP,2025-08-11,16016.0,EUR,21,Outstanding,
2025-08,ENT102,BILL-2025-08-ENT102-0001,Adobe Systems,2025-08-08,7014.64,GBP,11,Outstanding,
2025-08,ENT102,BILL-2025-08-ENT102-0002,McKinsey & Company,2025-08-17,7000.05,GBP,56,Overdue,
2025-08,ENT102,BILL-2025-08-ENT102-0003,SAP SE,2025-08-26,8219.74,GBP,17,Outstanding,
2025-08,ENT102,BILL-2025-08-ENT102-0004,Oracle Corporation,2025-08-09,3721.11,GBP,5,Outstanding,
2025-08,ENT102,BILL-2025-08-ENT102-0005,Deloitte LLP,2025-08-11,5342.28,GBP,64,Overdue,
2025-08,ENT102,BILL-2025-08-ENT102-0006,Google Cloud,2025-08-04,7807.29,GBP,14,Outstanding,
2025-08,ENT102,BILL-2025-08-ENT102-0007,Cisco Systems,2025-08-17,3266.44,GBP,69,Overdue,
2025-08,ENT102,BILL-2025-08-ENT102-0008,Accenture PLC,2025-08-27,4553.05,GBP,54,Overdue,
2025-08,ENT102,BILL-2025-08-ENT102-0009,Deloitte LLP,2025-08-21,15601.08,GBP,20,Outstanding,
2025-08,ENT102,BILL-2025-08-ENT102-0010,McKinsey & Company,2025-08-17,5480.27,GBP,67,Overdue,
2025-08,ENT102,BILL-2025-08-ENT102-0011,Amazon Web Services,2025-08-09,5021.81,GBP,20,Outstanding,
2025-08,ENT102,BILL-2025-08-ENT102-0012,Adobe Systems,2025-08-05,7272.17,GBP,47,Overdue,
2025-08,ENT102,BILL-2025-08-ENT102-0013,Microsoft Corp,2025-08-09,10347.26,GBP,46,Overdue,
2025-08,ENT102,BILL-2025-08-ENT102-0014,Microsoft Corp,2025-08-07,10743.34,GBP,12,Outstanding,
2025-08,ENT102,BILL-2025-08-ENT102-0015,Microsoft Corp,2025-08-04,7342.01,GBP,30,Outstanding,
2025-08,ENT102,BILL-2025-08-ENT102-0016,KPMG,2025-08-24,7301.99,GBP,44,Outstanding,
2025-08,ENT102,BILL-2025-08-ENT102-0017,Adobe Systems,2025-08-24,1799.68,GBP,7,Outstanding,
2025-08,ENT102,BILL-2025-08-ENT102-0018,PwC,2025-08-12,6202.15,GBP,20,Outstanding,
2025-08,ENT102,BILL-2025-08-ENT102-0019,Amazon Web Services,2025-08-22,3004.28,GBP,64,Overdue,
2025-08,ENT102,BILL-2025-08-ENT102-0020,McKinsey & Company,2025-08-21,9210.31,GBP,43,Outstanding,
2025-08,ENT102,BILL-2025-08-ENT102-0021,Oracle Corporation,2025-08-14,6825.49,GBP,12,Outstanding,
2025-08,ENT102,BILL-2025-08-ENT102-0022,PwC,2025-08-03,5422.91,GBP,16,Outstanding,
2025-08,ENT102,BILL-2025-08-ENT102-0023,Deloitte LLP,2025-08-24,5072.45,GBP,28,Outstanding,
2025-08,ENT102,BILL-2025-08-ENT102-0024,Salesforce Inc,2025-08-16,11613.23,GBP,46,Overdue,
2025-08,ENT102,BILL-2025-08-ENT102-0025,SAP SE,2025-08-26,3099.17,GBP,26,Outstanding,
2025-08,ENT102,BILL-2025-08-ENT102-0026,Salesforce Inc,2025-08-21,3994.58,GBP,24,Outstanding,
2025-08,ENT102,BILL-2025-08-ENT102-0027,EY,2025-08-07,5483.06,GBP,56,Overdue,
2025-08,ENT102,BILL-2025-08-ENT102-0028,Amazon Web Services,2025-08-13,14035.56,GBP,6,Outstanding,
2025-08,ENT102,BILL-2025-08-ENT102-0029,Deloitte LLP,2025-08-09,14518.09,GBP,31,Outstanding,
2025-08,ENT102,BILL-2025-08-ENT102-0030,Amazon Web Services,2025-08-13,6198.17,GBP,58,Overdue,
2025-08,ENT102,BILL-2025-08-ENT102-0031,Microsoft Corp,2025-08-09,10053.6,GBP,28,Outstanding,
2025-08,ENT102,BILL-2025-08-ENT102-0032,Accenture PLC,2025-08-12,2921.79,GBP,3,Outstanding,
2025-08,ENT102,BILL-2025-08-ENT102-0033,PwC,2025-08-11,5466.09,GBP,14,Outstanding,
2025-08,ENT102,BILL-2025-08-ENT102-0034,Accenture PLC,2025-08-17,1090.94,GBP,58,Overdue,
2025-08,ENT102,BILL-2025-08-ENT102-0035,Google Cloud,2025-08-10,3582.83,GBP,44,Outstanding,
2025-08,ENT102,BILL-2025-08-ENT102-0036,Cisco Systems,2025-08-21,3751.33,GBP,71,Overdue,
2025-08,ENT102,BILL-2025-08-ENT102-0037,PwC,2025-08-06,9880.18,GBP,53,Overdue,
2025-08,ENT102,BILL-2025-08-ENT102-0038,Microsoft Corp,2025-08-09,6827.03,GBP,45,Overdue,
2025-08,ENT102,BILL-2025-08-ENT102-0039,Cisco Systems,2025-08-09,6530.04,GBP,74,Overdue,
2025-08,ENT102,BILL-2025-08-ENT102-0040,Deloitte LLP,2025-08-18,5507.05,GBP,37,Outstanding,
2025-08,ENT102,BILL-2025-08-ENT102-0041,SAP SE,2025-08-14,2727.18,GBP,68,Overdue,
2025-08,ENT102,BILL-2025-08-ENT102-0042,Microsoft Corp,2025-08-22,10632.76,GBP,61,Overdue,
2025-08,ENT102,BILL-2025-08-ENT102-0043,KPMG,2025-08-03,1509.1,GBP,5,Outstanding,
2025-08,ENT102,BILL-2025-08-ENT102-0044,Salesforce Inc,2025-08-13,5480.86,GBP,32,Outstanding,
2025-08,ENT102,BILL-2025-08-ENT102-0045,Google Cloud,2025-08-16,3429.07,GBP,67,Overdue,
2025-08,ENT102,BILL-2025-08-ENT102-0046,Deloitte LLP,2025-08-24,7146.94,GBP,63,Overdue,
2025-08,ENT102,BILL-2025-08-ENT102-0047,Google Cloud,2025-08-25,4948.39,GBP,17,Outstanding,
2025-08,ENT102,BILL-2025-08-ENT102-0048,SAP SE,2025-08-06,6035.84,GBP,25,Outstanding,
2025-08,ENT102,BILL-2025-08-ENT102-0049,Deloitte LLP,2025-08-02,6966.23,GBP,16,Outstanding,
2025-08,ENT102,BILL-2025-08-ENT102-0050,Microsoft Corp,2025-08-16,3020.61,GBP,65,Overdue,
2025-08,ENT102,BILL-2025-08-ENT102-0051,Deloitte LLP,2025-08-04,2867.82,GBP,64,Overdue,
2025-08,ENT102,BILL-2025-08-ENT102-0052,IBM Corporation,2025-08-27,6696.23,GBP,43,Outstanding,
2025-08,ENT102,BILL-2025-08-ENT102-0053,Oracle Corporation,2025-08-10,6589.8,GBP,42,Outstanding,
2025-08,ENT102,BILL-2025-08-ENT102-0054,Adobe Systems,2025-08-08,6956.41,GBP,65,Overdue,
2025-08,ENT102,BILL-2025-08-ENT102-0055,PwC,2025-08-25,3315.96,GBP,66,Overdue,
2025-08,ENT102,BILL-2025-08-ENT102-0056,SAP SE,2025-08-10,5770.24,GBP,8,Outstanding,
2025-08,ENT102,BILL-2025-08-ENT102-0057,Salesforce Inc,2025-08-25,7882.77,GBP,70,Overdue,
2025-08,ENT102,BILL-2025-08-ENT102-0058,Google Cloud,2025-08-20,4172.42,GBP,34,Outstanding,
2025-08,ENT102,BILL-2025-08-ENT102-0059,Amazon Web Services,2025-08-18,5138.94,GBP,44,Outstanding,
2025-08,ENT102,BILL-2025-08-ENT102-0060,Salesforce Inc,2025-08-21,7143.19,GBP,67,Overdue,
2025-08,ENT102,BILL-2025-08-ENT102-0061,Deloitte LLP,2025-08-20,2700.49,GBP,9,Outstanding,
2025-08,ENT102,BILL-2025-08-ENT102-0062,Accenture PLC,2025-08-09,2978.14,GBP,4,Outstanding,
2025-08,ENT102,BILL-2025-08-ENT102-0063,Google Cloud,2025-08-11,1898.81,GBP,55,Overdue,
2025-08,ENT102,BILL-2025-08-ENT102-0064,Google Cloud,2025-08-12,7709.39,GBP,25,Outstanding,
2025-08,ENT102,BILL-2025-08-ENT102-0065,Cisco Systems,2025-08-07,2274.0,GBP,25,Outstanding,
2025-08,ENT102,BILL-2025-08-ENT102-0066,Adobe Systems,2025-08-14,1472.52,GBP,3,Outstanding,
2025-08,ENT102,BILL-2025-08-ENT102-0067,Google Cloud,2025-08-08,3624.28,GBP,40,Outstanding,
2025-08,ENT102,BILL-2025-08-ENT102-0068,Google Cloud,2025-08-26,5108.38,GBP,14,Outstanding,
2025-08,ENT102,BILL-2025-08-ENT102-0069,Deloitte LLP,2025-08-03,3754.77,GBP,23,Outstanding,
2025-08,ENT102,BILL-2025-08-ENT102-0070,Accenture PLC,2025-08-24,3292.65,GBP,23,Outstanding,
2025-08,ENT102,BILL-2025-08-ENT102-0071,Salesforce Inc,2025-08-02,8972.12,GBP,56,Overdue,
2025-08,ENT102,BILL-2025-08-ENT102-0072,EY,2025-08-05,866.79,GBP,52,Overdue,
2025-08,ENT102,BILL-2025-08-ENT102-0073,SAP SE,2025-08-25,5986.15,GBP,59,Overdue,
2025-08,ENT102,BILL-2025-08-ENT102-0074,Oracle Corporation,2025-08-07,11330.79,GBP,37,Outstanding,
2025-08,ENT102,BILL-2025-08-ENT102-0075,SAP SE,2025-08-03,2392.19,GBP,50,Overdue,
2025-08,ENT102,BILL-2025-08-ENT102-0076,Adobe Systems,2025-08-05,7570.48,GBP,12,Outstanding,
2025-08,ENT102,BILL-2025-08-ENT102-0077,Deloitte LLP,2025-08-05,1781.57,GBP,24,Outstanding,
2025-08,ENT102,BILL-2025-08-ENT102-0078,Cisco Systems,2025-08-15,2930.18,GBP,38,Outstanding,
2025-08,ENT102,BILL-2025-08-ENT102-0079,Cisco Systems,2025-08-22,3580.0,GBP,20,Outstanding,
2025-08,ENT102,BILL-2025-08-ENT102-0080,Deloitte LLP,2025-08-10,2976.31,GBP,31,Outstanding,
2025-08,ENT102,BILL-2025-08-ENT102-0081,Accenture PLC,2025-08-09,5623.55,GBP,10,Outstanding,
2025-08,ENT102,BILL-2025-08-ENT102-0082,Oracle Corporation,2025-08-27,3822.97,GBP,20,Outstanding,
2025-08,ENT102,BILL-2025-08-ENT102-0083,Cisco Systems,2025-08-04,4896.19,GBP,65,Overdue,
2025-08,ENT102,BILL-2025-08-ENT102-0084,Salesforce Inc,2025-08-07,2153.83,GBP,69,Overdue,
2025-08,ENT102,BILL-2025-08-ENT102-0085,KPMG,2025-08-09,3461.31,GBP,72,Overdue,
2025-08,ENT102,BILL-2025-08-ENT102-0086,Oracle Corporation,2025-08-20,8889.92,GBP,51,Overdue,
2025-08,ENT102,BILL-2025-08-ENT102-0087,Salesforce Inc,2025-08-15,6486.6,GBP,54,Overdue,
2025-08,ENT102,BILL-2025-08-ENT102-0088,Amazon Web Services,2025-08-26,8053.65,GBP,14,Outstanding,
2025-08,ENT102,BILL-2025-08-ENT102-0089,Amazon Web Services,2025-08-19,7647.57,GBP,42,Outstanding,
2025-08,ENT102,BILL-2025-08-ENT102-0090,Salesforce Inc,2025-08-14,8406.22,GBP,57,Overdue,
2025-08,ENT102,BILL-2025-08-ENT102-0091,Google Cloud,2025-08-27,4570.88,GBP,28,Outstanding,
2025-08,ENT102,BILL-2025-08-ENT102-0092,Cisco Systems,2025-08-01,6552.4,GBP,48,Overdue,
2025-08,ENT102,BILL-2025-08-ENT102-0093,EY,2025-08-06,4803.41,GBP,12,Outstanding,
2025-08,ENT102,BILL-2025-08-ENT102-0094,Accenture PLC,2025-08-12,2821.2,GBP,42,Outstanding,
2025-08,ENT102,BILL-2025-08-ENT102-0095,Google Cloud,2025-08-02,7108.13,GBP,21,Outstanding,
2025-08,ENT102,BILL-2025-08-ENT102-0096,EY,2025-08-08,9259.1,GBP,6,Outstanding,
2025-08,ENT102,BILL-2025-08-ENT102-0097,Microsoft Corp,2025-08-19,9816.25,GBP,50,Overdue,
2025-08,ENT102,BILL-2025-08-ENT102-0098,EY,2025-08-08,15242.21,GBP,11,Outstanding,
2025-08,ENT102,BILL-2025-08-ENT102-0099,IBM Corporation,2025-08-06,1643.81,GBP,4,Outstanding,
2025-08,ENT102,BILL-2025-08-ENT102-0100,Salesforce Inc,2025-08-05,3413.95,GBP,58,Overdue,
2025-08,ENT102,BILL-2025-08-ENT102-0101,EY,2025-08-05,3138.94,GBP,65,Overdue,
2025-08,ENT102,BILL-2025-08-ENT102-0102,KPMG,2025-08-04,949.1,GBP,32,Outstanding,
2025-08,ENT102,BILL-2025-08-ENT102-0103,SAP SE,2025-08-23,7673.38,GBP,18,Outstanding,
2025-08,ENT102,BILL-2025-08-ENT102-0104,Cisco Systems,2025-08-20,8437.1,GBP,28,Outstanding,
2025-08,ENT102,BILL-2025-08-ENT102-0105,KPMG,2025-08-26,3215.47,GBP,61,Overdue,
2025-08,ENT102,BILL-2025-08-ENT102-0106,Microsoft Corp,2025-08-09,5185.25,GBP,68,Overdue,
2025-08,ENT102,BILL-2025-08-ENT102-0107,Deloitte LLP,2025-08-09,2188.66,GBP,48,Overdue,
2025-08,ENT102,BILL-2025-08-ENT102-0108,Microsoft Corp,2025-08-02,2497.65,GBP,34,Outstanding,
2025-08,ENT102,BILL-2025-08-ENT102-0109,SAP SE,2025-08-10,4908.8,GBP,37,Outstanding,
2025-08,ENT102,BILL-2025-08-ENT102-0110,Deloitte LLP,2025-08-15,5849.17,GBP,19,Outstanding,
2025-08,ENT102,BILL-2025-08-ENT102-0111,Amazon Web Services,2025-08-20,1934.44,GBP,18,Outstanding,
2025-08,ENT102,BILL-2025-08-ENT102-0112,SAP SE,2025-08-22,5190.89,GBP,66,Overdue,
2025-08,ENT102,BILL-2025-08-ENT102-0113,Salesforce Inc,2025-08-10,2323.14,GBP,72,Overdue,
2025-08,ENT102,BILL-2025-08-ENT102-0114,KPMG,2025-08-27,8443.73,GBP,1,Outstanding,
2025-08,ENT102,BILL-2025-08-ENT102-0115,IBM Corporation,2025-08-19,13981.55,GBP,25,Outstanding,
2025-08,ENT102,BILL-2025-08-ENT102-0116,IBM Corporation,2025-08-22,6978.68,GBP,29,Outstanding,
2025-08,ENT102,BILL-2025-08-ENT102-0117,Amazon Web Services,2025-08-01,6071.65,GBP,44,Outstanding,
2025-08,ENT102,BILL-2025-08-ENT102-0118,IBM Corporation,2025-08-10,5026.07,GBP,35,Outstanding,
2025-08,ENT102,BILL-2025-08-ENT102-0119,SAP SE,2025-08-10,7777.75,GBP,31,Outstanding,
2025-08,ENT102,BILL-2025-08-ENT102-0120,PwC,2025-08-27,4696.76,GBP,24,Outstanding,
2025-08,ENT102,BILL-2025-08-ENT102-0121,Deloitte LLP,2025-08-04,4194.41,GBP,72,Overdue,
2025-08,ENT102,BILL-2025-08-ENT102-0122,Accenture PLC,2025-08-25,4834.17,GBP,40,Outstanding,
2025-08,ENT102,BILL-2025-08-ENT102-0123,Adobe Systems,2025-08-13,4481.6,GBP,39,Outstanding,
2025-08,ENT102,BILL-2025-08-ENT102-0124,Salesforce Inc,2025-08-15,5883.39,GBP,62,Overdue,
2025-08,ENT102,BILL-2025-08-ENT102-0125,Microsoft Corp,2025-08-05,4004.79,GBP,42,Outstanding,
2025-08,ENT102,BILL-2025-08-ENT102-0126,Deloitte LLP,2025-08-26,4547.53,GBP,32,Outstanding,
2025-08,ENT102,BILL-2025-08-ENT102-0127,Microsoft Corp,2025-08-16,2686.93,GBP,9,Outstanding,
2025-08,ENT102,BILL-2025-08-ENT102-0128,Google Cloud,2025-08-13,6748.1,GBP,45,Overdue,
2025-08,ENT102,BILL-2025-08-ENT102-0129,Google Cloud,2025-08-01,6626.96,GBP,7,Outstanding,
2025-08,ENT102,BILL-2025-08-ENT102-0130,Salesforce Inc,2025-08-11,3529.94,GBP,38,Outstanding,
2025-08,ENT102,BILL-2025-08-ENT102-0131,Oracle Corporation,2025-08-01,11983.29,GBP,53,Overdue,
2025-08,ENT102,BILL-2025-08-ENT102-0132,SAP SE,2025-08-26,9790.2,GBP,59,Overdue,
2025-08,ENT102,BILL-2025-08-ENT102-0133,McKinsey & Company,2025-08-04,7390.41,GBP,36,Outstanding,
2025-08,ENT102,BILL-2025-08-ENT102-0134,KPMG,2025-08-04,3291.33,GBP,6,Outstanding,
2025-08,ENT102,BILL-2025-08-ENT102-0135,PwC,2025-08-24,872.5,GBP,67,Overdue,
2025-08,ENT102,BILL-2025-08-ENT102-0136,SAP SE,2025-08-18,5715.61,GBP,0,Outstanding,
2025-08,ENT102,BILL-2025-08-ENT102-0137,Oracle Corporation,2025-08-16,3580.13,GBP,28,Outstanding,
2025-08,ENT102,BILL-2025-08-ENT102-0138,Amazon Web Services,2025-08-19,8441.73,GBP,34,Outstanding,
2025-08,ENT102,BILL-2025-08-ENT102-0139,PwC,2025-08-04,8972.45,GBP,11,Outstanding,
2025-08,ENT102,BILL-2025-08-ENT102-0140,Cisco Systems,2025-08-26,14754.2,GBP,51,Overdue,
2025-08,ENT102,BILL-2025-08-ENT102-0141,Adobe Systems,2025-08-23,654.81,GBP,45,Overdue,
2025-08,ENT102,BILL-2025-08-ENT102-0142,Adobe Systems,2025-08-10,4353.17,GBP,57,Overdue,
2025-08,ENT102,BILL-2025-08-ENT102-0143,IBM Corporation,2025-08-17,6019.65,GBP,60,Overdue,
2025-08,ENT102,BILL-2025-08-ENT102-0144,EY,2025-08-23,5939.97,GBP,66,Overdue,
2025-08,ENT102,BILL-2025-08-ENT102-0145,KPMG,2025-08-22,508.41,GBP,72,Overdue,
2025-08,ENT102,BILL-2025-08-ENT102-0146,KPMG,2025-08-20,389.51,GBP,22,Outstanding,
2025-08,ENT102,BILL-2025-08-ENT102-0147,Oracle Corporation,2025-08-08,1936.4,GBP,65,Overdue,
2025-08,ENT102,BILL-2025-08-ENT102-0148,Salesforce Inc,2025-08-01,5181.59,GBP,29,Outstanding,
