period,entity,invoice_id,customer_name,invoice_date,amount,currency,age_days,status
2025-08,ENT100,INV-2025-08-ENT100-0001,SAP SE,2025-08-11,2143.82,USD,74,Overdue
2025-08,ENT100,INV-2025-08-ENT100-0002,Amazon Web Services,2025-08-08,7501.85,USD,23,Outstanding
2025-08,ENT100,INV-2025-08-ENT100-0003,Meta Platforms,2025-08-21,4015.33,USD,32,Outstanding
2025-08,ENT100,INV-2025-08-ENT100-0004,Microsoft Corp,2025-08-12,8767.84,USD,88,Overdue
2025-08,ENT100,INV-2025-08-ENT100-0005,Netflix Inc,2025-08-16,300.25,USD,14,Outstanding
2025-08,ENT100,INV-2025-08-ENT100-0006,Oracle Corporation,2025-08-19,9135.54,USD,54,Outstanding
2025-08,ENT100,INV-2025-08-ENT100-0007,Adobe Systems,2025-08-21,3756.0,USD,72,Overdue
2025-08,ENT100,INV-2025-08-ENT100-0008,Netflix Inc,2025-08-25,6439.73,USD,59,Outstanding
2025-08,ENT100,INV-2025-08-ENT100-0009,Adobe Systems,2025-08-20,3570.02,USD,59,Outstanding
2025-08,ENT100,INV-2025-08-ENT100-0010,Amazon Web Services,2025-08-08,11407.64,USD,46,Outstanding
2025-08,ENT100,INV-2025-08-ENT100-0011,Salesforce Inc,2025-08-02,4926.16,USD,5,Outstanding
2025-08,ENT100,INV-2025-08-ENT100-0012,Google LLC,2025-08-22,7886.46,USD,62,Overdue
2025-08,ENT100,INV-2025-08-ENT100-0013,Adobe Systems,2025-08-08,6976.32,USD,77,Overdue
2025-08,ENT100,INV-2025-08-ENT100-0014,Tesla Inc,2025-08-08,10947.67,USD,84,Overdue
2025-08,ENT100,INV-2025-08-ENT100-0015,Tesla Inc,2025-08-13,10218.09,USD,40,Outstanding
2025-08,ENT100,INV-2025-08-ENT100-0016,Adobe Systems,2025-08-01,3777.16,USD,88,Overdue
2025-08,ENT100,INV-2025-08-ENT100-0017,SAP SE,2025-08-11,811.47,USD,80,Overdue
2025-08,ENT100,INV-2025-08-ENT100-0018,Intel Corporation,2025-08-01,1603.2,USD,4,Outstanding
2025-08,ENT100,INV-2025-08-ENT100-0019,Google LLC,2025-08-08,2843.72,USD,11,Outstanding
2025-08,ENT100,INV-2025-08-ENT100-0020,Netflix Inc,2025-08-23,4609.67,USD,22,Outstanding
2025-08,ENT100,INV-2025-08-ENT100-0021,Microsoft Corp,2025-08-27,13137.44,USD,34,Outstanding
2025-08,ENT100,INV-2025-08-ENT100-0022,Amazon Web Services,2025-08-15,2681.04,USD,77,Overdue
2025-08,ENT100,INV-2025-08-ENT100-0023,Cisco Systems,2025-08-07,7732.31,USD,26,Outstanding
2025-08,ENT100,INV-2025-08-ENT100-0024,Meta Platforms,2025-08-26,16135.32,USD,41,Outstanding
2025-08,ENT100,INV-2025-08-ENT100-0025,Adobe Systems,2025-08-05,1505.52,USD,22,Outstanding
2025-08,ENT100,INV-2025-08-ENT100-0026,Oracle Corporation,2025-08-11,12095.86,USD,28,Outstanding
2025-08,ENT100,INV-2025-08-ENT100-0027,Tesla Inc,2025-08-02,6560.89,USD,41,Outstanding
2025-08,ENT100,INV-2025-08-ENT100-0028,Meta Platforms,2025-08-21,9164.03,USD,5,Outstanding
2025-08,ENT100,INV-2025-08-ENT100-0029,Adobe Systems,2025-08-11,3805.72,USD,88,Overdue
2025-08,ENT100,INV-2025-08-ENT100-0030,Netflix Inc,2025-08-01,8594.5,USD,26,Outstanding
2025-08,ENT100,INV-2025-08-ENT100-0031,Intel Corporation,2025-08-05,2757.19,USD,50,Outstanding
2025-08,ENT100,INV-2025-08-ENT100-0032,Salesforce Inc,2025-08-15,3885.21,USD,58,Outstanding
2025-08,ENT100,INV-2025-08-ENT100-0033,Oracle Corporation,2025-08-17,7407.87,USD,57,Outstanding
2025-08,ENT100,INV-2025-08-ENT100-0034,Amazon Web Services,2025-08-07,1433.52,USD,1,Outstanding
2025-08,ENT100,INV-2025-08-ENT100-0035,Google LLC,2025-08-17,2236.79,USD,1,Outstanding
2025-08,ENT100,INV-2025-08-ENT100-0036,Amazon Web Services,2025-08-23,2433.87,USD,0,Outstanding
2025-08,ENT100,INV-2025-08-ENT100-0037,Adobe Systems,2025-08-06,7604.98,USD,31,Outstanding
2025-08,ENT100,INV-2025-08-ENT100-0038,Apple Inc,2025-08-11,20364.0,USD,55,Outstanding
2025-08,ENT100,INV-2025-08-ENT100-0039,Salesforce Inc,2025-08-02,9918.48,USD,69,Overdue
2025-08,ENT100,INV-2025-08-ENT100-0040,Microsoft Corp,2025-08-16,3508.8,USD,15,Outstanding
2025-08,ENT100,INV-2025-08-ENT100-0041,Meta Platforms,2025-08-03,6046.38,USD,19,Outstanding
2025-08,ENT100,INV-2025-08-ENT100-0042,Amazon Web Services,2025-08-19,1951.41,USD,89,Overdue
2025-08,ENT100,INV-2025-08-ENT100-0043,SAP SE,2025-08-09,3783.9,USD,32,Outstanding
2025-08,ENT100,INV-2025-08-ENT100-0044,Apple Inc,2025-08-18,12499.18,USD,0,Outstanding
2025-08,ENT100,INV-2025-08-ENT100-0045,Meta Platforms,2025-08-10,3004.01,USD,6,Outstanding
2025-08,ENT100,INV-2025-08-ENT100-0046,Microsoft Corp,2025-08-16,4559.99,USD,59,Outstanding
2025-08,ENT100,INV-2025-08-ENT100-0047,Apple Inc,2025-08-05,4550.63,USD,31,Outstanding
2025-08,ENT100,INV-2025-08-ENT100-0048,Amazon Web Services,2025-08-09,5022.44,USD,18,Outstanding
2025-08,ENT100,INV-2025-08-ENT100-0049,Microsoft Corp,2025-08-20,4702.34,USD,74,Overdue
2025-08,ENT100,INV-2025-08-ENT100-0050,Netflix Inc,2025-08-06,12264.96,USD,83,Overdue
2025-08,ENT100,INV-2025-08-ENT100-0051,Cisco Systems,2025-08-16,6754.65,USD,60,Overdue
2025-08,ENT100,INV-2025-08-ENT100-0052,Netflix Inc,2025-08-04,1908.48,USD,32,Outstanding
2025-08,ENT100,INV-2025-08-ENT100-0053,Microsoft Corp,2025-08-07,12973.38,USD,66,Overdue
2025-08,ENT100,INV-2025-08-ENT100-0054,Apple Inc,2025-08-16,2896.16,USD,75,Overdue
2025-08,ENT100,INV-2025-08-ENT100-0055,Salesforce Inc,2025-08-06,1597.28,USD,50,Outstanding
2025-08,ENT100,INV-2025-08-ENT100-0056,Netflix Inc,2025-08-27,3037.6,USD,20,Outstanding
2025-08,ENT100,INV-2025-08-ENT100-0057,Oracle Corporation,2025-08-16,14631.59,USD,18,Outstanding
2025-08,ENT100,INV-2025-08-ENT100-0058,Meta Platforms,2025-08-17,13077.57,USD,16,Outstanding
2025-08,ENT100,INV-2025-08-ENT100-0059,IBM Corporation,2025-08-24,4950.48,USD,45,Outstanding
2025-08,ENT100,INV-2025-08-ENT100-0060,Tesla Inc,2025-08-01,9829.28,USD,62,Overdue
2025-08,ENT100,INV-2025-08-ENT100-0061,Intel Corporation,2025-08-18,12118.61,USD,24,Outstanding
2025-08,ENT100,INV-2025-08-ENT100-0062,SAP SE,2025-08-26,4483.06,USD,66,Overdue
2025-08,ENT100,INV-2025-08-ENT100-0063,Intel Corporation,2025-08-10,2061.42,USD,1,Outstanding
2025-08,ENT100,INV-2025-08-ENT100-0064,Apple Inc,2025-08-01,14843.55,USD,8,Outstanding
2025-08,ENT100,INV-2025-08-ENT100-0065,Cisco Systems,2025-08-26,8226.65,USD,49,Outstanding
2025-08,ENT100,INV-2025-08-ENT100-0066,Cisco Systems,2025-08-26,18387.61,USD,6,Outstanding
2025-08,ENT100,INV-2025-08-ENT100-0067,Netflix Inc,2025-08-14,1981.8,USD,15,Outstanding
2025-08,ENT100,INV-2025-08-ENT100-0068,Meta Platforms,2025-08-23,8487.54,USD,14,Outstanding
2025-08,ENT100,INV-2025-08-ENT100-0069,Intel Corporation,2025-08-19,1259.34,USD,24,Outstanding
2025-08,ENT100,INV-2025-08-ENT100-0070,Intel Corporation,2025-08-22,20634.49,USD,57,Outstanding
2025-08,ENT100,INV-2025-08-ENT100-0071,IBM Corporation,2025-08-01,4006.64,USD,7,Outstanding
2025-08,ENT100,INV-2025-08-ENT100-0072,Adobe Systems,2025-08-12,12442.08,USD,4,Outstanding
2025-08,ENT100,INV-2025-08-ENT100-0073,Tesla Inc,2025-08-20,25008.26,USD,15,Outstanding
2025-08,ENT100,INV-2025-08-ENT100-0074,IBM Corporation,2025-08-26,1718.85,USD,89,Overdue
2025-08,ENT100,INV-2025-08-ENT100-0075,IBM Corporation,2025-08-09,679.3,USD,11,Outstanding
2025-08,ENT100,INV-2025-08-ENT100-0076,Tesla Inc,2025-08-25,1278.6,USD,0,Outstanding
2025-08,ENT100,INV-2025-08-ENT100-0077,Tesla Inc,2025-08-05,4479.3,USD,21,Outstanding
2025-08,ENT100,INV-2025-08-ENT100-0078,Cisco Systems,2025-08-05,1327.84,USD,85,Overdue
2025-08,ENT100,INV-2025-08-ENT100-0079,Microsoft Corp,2025-08-05,3963.31,USD,46,Outstanding
2025-08,ENT100,INV-2025-08-ENT100-0080,Intel Corporation,2025-08-05,9733.76,USD,22,Outstanding
2025-08,ENT100,INV-2025-08-ENT100-0081,Oracle Corporation,2025-08-05,9113.85,USD,33,Outstanding
2025-08,ENT100,INV-2025-08-ENT100-0082,Tesla Inc,2025-08-01,15285.08,USD,68,Overdue
2025-08,ENT100,INV-2025-08-ENT100-0083,Adobe Systems,2025-08-24,1474.25,USD,79,Overdue
2025-08,ENT100,INV-2025-08-ENT100-0084,Microsoft Corp,2025-08-03,13080.73,USD,32,Outstanding
2025-08,ENT100,INV-2025-08-ENT100-0085,Amazon Web Services,2025-08-11,8701.53,USD,11,Outstanding
2025-08,ENT100,INV-2025-08-ENT100-0086,Netflix Inc,2025-08-13,8525.08,USD,11,Outstanding
2025-08,ENT100,INV-2025-08-ENT100-0087,Adobe Systems,2025-08-19,12230.32,USD,34,Outstanding
2025-08,ENT100,INV-2025-08-ENT100-0088,Amazon Web Services,2025-08-26,5013.17,USD,33,Outstanding
2025-08,ENT100,INV-2025-08-ENT100-0089,IBM Corporation,2025-08-04,3932.63,USD,57,Outstanding
2025-08,ENT100,INV-2025-08-ENT100-0090,Tesla Inc,2025-08-25,8689.89,USD,20,Outstanding
2025-08,ENT100,INV-2025-08-ENT100-0091,SAP SE,2025-08-10,5113.27,USD,72,Overdue
2025-08,ENT100,INV-2025-08-ENT100-0092,Netflix Inc,2025-08-24,923.53,USD,22,Outstanding
2025-08,ENT100,INV-2025-08-ENT100-0093,Tesla Inc,2025-08-12,1900.48,USD,54,Outstanding
2025-08,ENT100,INV-2025-08-ENT100-0094,Oracle Corporation,2025-08-17,2778.43,USD,61,Overdue
2025-08,ENT100,INV-2025-08-ENT100-0095,Apple Inc,2025-08-22,10329.94,USD,12,Outstanding
2025-08,ENT100,INV-2025-08-ENT100-0096,Intel Corporation,2025-08-20,7901.42,USD,82,Overdue
2025-08,ENT100,INV-2025-08-ENT100-0097,Amazon Web Services,2025-08-21,5364.12,USD,68,Overdue
2025-08,ENT100,INV-2025-08-ENT100-0098,Cisco Systems,2025-08-21,12704.12,USD,22,Outstanding
2025-08,ENT100,INV-2025-08-ENT100-0099,Intel Corporation,2025-08-21,22177.09,USD,41,Outstanding
2025-08,ENT100,INV-2025-08-ENT100-0100,Google LLC,2025-08-23,6270.93,USD,74,Overdue
2025-08,ENT100,INV-2025-08-ENT100-0101,Intel Corporation,2025-08-09,3324.21,USD,73,Overdue
2025-08,ENT100,INV-2025-08-ENT100-0102,Intel Corporation,2025-08-13,2891.78,USD,39,Outstanding
2025-08,ENT100,INV-2025-08-ENT100-0103,IBM Corporation,2025-08-27,7105.24,USD,65,Overdue
2025-08,ENT100,INV-2025-08-ENT100-0104,Salesforce Inc,2025-08-13,1225.19,USD,64,Overdue
2025-08,ENT100,INV-2025-08-ENT100-0105,Tesla Inc,2025-08-07,6286.2,USD,88,Overdue
2025-08,ENT100,INV-2025-08-ENT100-0106,Adobe Systems,2025-08-12,3364.73,USD,53,Outstanding
2025-08,ENT100,INV-2025-08-ENT100-0107,Adobe Systems,2025-08-26,14595.4,USD,18,Outstanding
2025-08,ENT100,INV-2025-08-ENT100-0108,Meta Platforms,2025-08-26,1217.49,USD,19,Outstanding
2025-08,ENT100,INV-2025-08-ENT100-0109,Microsoft Corp,2025-08-09,4185.06,USD,38,Outstanding
2025-08,ENT100,INV-2025-08-ENT100-0110,SAP SE,2025-08-17,2161.71,USD,24,Outstanding
2025-08,ENT100,INV-2025-08-ENT100-0111,Intel Corporation,2025-08-21,10138.28,USD,5,Outstanding
2025-08,ENT100,INV-2025-08-ENT100-0112,Oracle Corporation,2025-08-03,7004.26,USD,18,Outstanding
2025-08,ENT100,INV-2025-08-ENT100-0113,Netflix Inc,2025-08-15,5974.57,USD,48,Outstanding
2025-08,ENT100,INV-2025-08-ENT100-0114,Intel Corporation,2025-08-11,2683.66,USD,11,Outstanding
2025-08,ENT100,INV-2025-08-ENT100-0115,SAP SE,2025-08-08,16026.37,USD,75,Overdue
2025-08,ENT100,INV-2025-08-ENT100-0116,Intel Corporation,2025-08-26,1443.64,USD,7,Outstanding
2025-08,ENT100,INV-2025-08-ENT100-0117,Oracle Corporation,2025-08-05,10286.23,USD,40,Outstanding
2025-08,ENT100,INV-2025-08-ENT100-0118,Tesla Inc,2025-08-16,767.17,USD,28,Outstanding
2025-08,ENT100,INV-2025-08-ENT100-0119,Amazon Web Services,2025-08-06,7738.23,USD,81,Overdue
2025-08,ENT100,INV-2025-08-ENT100-0120,Google LLC,2025-08-24,10010.14,USD,29,Outstanding
2025-08,ENT100,INV-2025-08-ENT100-0121,Salesforce Inc,2025-08-05,15592.45,USD,32,Outstanding
2025-08,ENT100,INV-2025-08-ENT100-0122,Apple Inc,2025-08-22,7376.79,USD,58,Outstanding
2025-08,ENT100,INV-2025-08-ENT100-0123,IBM Corporation,2025-08-01,2177.85,USD,0,Outstanding
2025-08,ENT100,INV-2025-08-ENT100-0124,Intel Corporation,2025-08-05,5940.73,USD,73,Overdue
2025-08,ENT100,INV-2025-08-ENT100-0125,Cisco Systems,2025-08-21,6134.6,USD,77,Overdue
2025-08,ENT100,INV-2025-08-ENT100-0126,Adobe Systems,2025-08-02,1599.73,USD,71,Overdue
2025-08,ENT100,INV-2025-08-ENT100-0127,Salesforce Inc,2025-08-02,8725.8,USD,53,Outstanding
2025-08,ENT100,INV-2025-08-ENT100-0128,Netflix Inc,2025-08-12,3846.32,USD,4,Outstanding
2025-08,ENT100,INV-2025-08-ENT100-0129,Adobe Systems,2025-08-25,11024.27,USD,16,Outstanding
2025-08,ENT100,INV-2025-08-ENT100-0130,Meta Platforms,2025-08-19,9394.69,USD,37,Outstanding
2025-08,ENT100,INV-2025-08-ENT100-0131,Netflix Inc,2025-08-18,14666.81,USD,81,Overdue
2025-08,ENT100,INV-2025-08-ENT100-0132,Microsoft Corp,2025-08-25,2761.94,USD,37,Outstanding
2025-08,ENT100,INV-2025-08-ENT100-0133,Microsoft Corp,2025-08-23,6466.38,USD,50,Outstanding
2025-08,ENT100,INV-2025-08-ENT100-0134,Google LLC,2025-08-24,5849.47,USD,68,Overdue
2025-08,ENT100,INV-2025-08-ENT100-0135,Netflix Inc,2025-08-02,10368.6,USD,76,Overdue
2025-08,ENT100,INV-2025-08-ENT100-0136,Adobe Systems,2025-08-25,1725.78,USD,22,Outstanding
2025-08,ENT100,INV-2025-08-ENT100-0137,SAP SE,2025-08-11,9547.06,USD,15,Outstanding
2025-08,ENT100,INV-2025-08-ENT100-0138,Tesla Inc,2025-08-03,8873.5,USD,26,Outstanding
2025-08,ENT100,INV-2025-08-ENT100-0139,Amazon Web Services,2025-08-26,2643.58,USD,50,Outstanding
2025-08,ENT100,INV-2025-08-ENT100-0140,Salesforce Inc,2025-08-22,3897.01,USD,20,Outstanding
2025-08,ENT100,INV-2025-08-ENT100-0141,Intel Corporation,2025-08-09,12116.7,USD,11,Outstanding
2025-08,ENT100,INV-2025-08-ENT100-0142,SAP SE,2025-08-15,1904.96,USD,85,Overdue
2025-08,ENT100,INV-2025-08-ENT100-0143,Microsoft Corp,2025-08-16,2032.94,USD,60,Overdue
2025-08,ENT101,INV-2025-08-ENT101-0001,Cisco Systems,2025-08-15,2055.61,EUR,6,Outstanding
2025-08,ENT101,INV-2025-08-ENT101-0002,Adobe Systems,2025-08-08,31014.52,EUR,58,Outstanding
2025-08,ENT101,INV-2025-08-ENT101-0003,Apple Inc,2025-08-03,10599.99,EUR,17,Outstanding
2025-08,ENT101,INV-2025-08-ENT101-0004,SAP SE,2025-08-17,11574.47,EUR,13,Outstanding
2025-08,ENT101,INV-2025-08-ENT101-0005,SAP SE,2025-08-05,4636.08,EUR,42,Outstanding
2025-08,ENT101,INV-2025-08-ENT101-0006,SAP SE,2025-08-23,5161.7,EUR,38,Outstanding
2025-08,ENT101,INV-2025-08-ENT101-0007,Tesla Inc,2025-08-18,17170.16,EUR,32,Outstanding
2025-08,ENT101,INV-2025-08-ENT101-0008,Amazon Web Services,2025-08-02,7685.72,EUR,54,Outstanding
2025-08,ENT101,INV-2025-08-ENT101-0009,Netflix Inc,2025-08-03,7056.29,EUR,38,Outstanding
2025-08,ENT101,INV-2025-08-ENT101-0010,IBM Corporation,2025-08-17,13734.87,EUR,61,Overdue
2025-08,ENT101,INV-2025-08-ENT101-0011,Netflix Inc,2025-08-25,30895.87,EUR,9,Outstanding
2025-08,ENT101,INV-2025-08-ENT101-0012,IBM Corporation,2025-08-07,3816.57,EUR,83,Overdue
2025-08,ENT101,INV-2025-08-ENT101-0013,IBM Corporation,2025-08-18,928.32,EUR,61,Overdue
2025-08,ENT101,INV-2025-08-ENT101-0014,Netflix Inc,2025-08-01,5202.8,EUR,52,Outstanding
2025-08,ENT101,INV-2025-08-ENT101-0015,IBM Corporation,2025-08-05,2837.82,EUR,60,Overdue
2025-08,ENT101,INV-2025-08-ENT101-0016,SAP SE,2025-08-06,5311.06,EUR,38,Outstanding
2025-08,ENT101,INV-2025-08-ENT101-0017,Adobe Systems,2025-08-02,7954.75,EUR,24,Outstanding
2025-08,ENT101,INV-2025-08-ENT101-0018,Oracle Corporation,2025-08-27,12620.2,EUR,71,Overdue
2025-08,ENT101,INV-2025-08-ENT101-0019,Apple Inc,2025-08-14,4468.73,EUR,73,Overdue
2025-08,ENT101,INV-2025-08-ENT101-0020,Microsoft Corp,2025-08-26,10187.23,EUR,40,Outstanding
2025-08,ENT101,INV-2025-08-ENT101-0021,Intel Corporation,2025-08-09,9636.62,EUR,19,Outstanding
2025-08,ENT101,INV-2025-08-ENT101-0022,Google LLC,2025-08-27,14836.94,EUR,34,Outstanding
2025-08,ENT101,INV-2025-08-ENT101-0023,SAP SE,2025-08-03,7534.3,EUR,12,Outstanding
2025-08,ENT101,INV-2025-08-ENT101-0024,Oracle Corporation,2025-08-25,6609.55,EUR,72,Overdue
2025-08,ENT101,INV-2025-08-ENT101-0025,Cisco Systems,2025-08-03,3181.35,EUR,28,Outstanding
2025-08,ENT101,INV-2025-08-ENT101-0026,Intel Corporation,2025-08-02,7506.63,EUR,75,Overdue
2025-08,ENT101,INV-2025-08-ENT101-0027,Meta Platforms,2025-08-27,9823.78,EUR,87,Overdue
2025-08,ENT101,INV-2025-08-ENT101-0028,Intel Corporation,2025-08-08,13886.69,EUR,4,Outstanding
2025-08,ENT101,INV-2025-08-ENT101-0029,Microsoft Corp,2025-08-05,9874.37,EUR,76,Overdue
2025-08,ENT101,INV-2025-08-ENT101-0030,Tesla Inc,2025-08-13,6826.52,EUR,61,Overdue
2025-08,ENT101,INV-2025-08-ENT101-0031,Tesla Inc,2025-08-08,7432.54,EUR,76,Overdue
2025-08,ENT101,INV-2025-08-ENT101-0032,SAP SE,2025-08-24,12112.22,EUR,18,Outstanding
2025-08,ENT101,INV-2025-08-ENT101-0033,Cisco Systems,2025-08-13,3861.22,EUR,44,Outstanding
2025-08,ENT101,INV-2025-08-ENT101-0034,Apple Inc,2025-08-04,4477.55,EUR,62,Overdue
2025-08,ENT101,INV-2025-08-ENT101-0035,Adobe Systems,2025-08-26,3820.76,EUR,30,Outstanding
2025-08,ENT101,INV-2025-08-ENT101-0036,Netflix Inc,2025-08-11,9409.75,EUR,52,Outstanding
2025-08,ENT101,INV-2025-08-ENT101-0037,Netflix Inc,2025-08-02,18361.81,EUR,12,Outstanding
2025-08,ENT101,INV-2025-08-ENT101-0038,SAP SE,2025-08-09,8546.32,EUR,16,Outstanding
2025-08,ENT101,INV-2025-08-ENT101-0039,Amazon Web Services,2025-08-03,11291.38,EUR,69,Overdue
2025-08,ENT101,INV-2025-08-ENT101-0040,Meta Platforms,2025-08-10,1830.9,EUR,62,Overdue
2025-08,ENT101,INV-2025-08-ENT101-0041,Oracle Corporation,2025-08-04,10259.8,EUR,19,Outstanding
2025-08,ENT101,INV-2025-08-ENT101-0042,Microsoft Corp,2025-08-27,7629.5,EUR,63,Overdue
2025-08,ENT101,INV-2025-08-ENT101-0043,SAP SE,2025-08-22,11281.12,EUR,89,Overdue
2025-08,ENT101,INV-2025-08-ENT101-0044,Tesla Inc,2025-08-18,13008.96,EUR,13,Outstanding
2025-08,ENT101,INV-2025-08-ENT101-0045,Tesla Inc,2025-08-12,23342.29,EUR,6,Outstanding
2025-08,ENT101,INV-2025-08-ENT101-0046,Amazon Web Services,2025-08-06,3507.32,EUR,78,Overdue
2025-08,ENT101,INV-2025-08-ENT101-0047,Cisco Systems,2025-08-03,6061.91,EUR,12,Outstanding
2025-08,ENT101,INV-2025-08-ENT101-0048,Tesla Inc,2025-08-23,2117.52,EUR,28,Outstanding
2025-08,ENT101,INV-2025-08-ENT101-0049,Apple Inc,2025-08-20,11893.25,EUR,21,Outstanding
2025-08,ENT101,INV-2025-08-ENT101-0050,Meta Platforms,2025-08-17,4396.79,EUR,55,Outstanding
2025-08,ENT101,INV-2025-08-ENT101-0051,Amazon Web Services,2025-08-20,9091.02,EUR,5,Outstanding
2025-08,ENT101,INV-2025-08-ENT101-0052,Intel Corporation,2025-08-03,7953.66,EUR,0,Outstanding
2025-08,ENT101,INV-2025-08-ENT101-0053,SAP SE,2025-08-17,5462.56,EUR,24,Outstanding
2025-08,ENT101,INV-2025-08-ENT101-0054,Apple Inc,2025-08-15,8600.84,EUR,79,Overdue
2025-08,ENT101,INV-2025-08-ENT101-0055,Oracle Corporation,2025-08-14,8543.99,EUR,49,Outstanding
2025-08,ENT101,INV-2025-08-ENT101-0056,SAP SE,2025-08-12,9256.21,EUR,52,Outstanding
2025-08,ENT101,INV-2025-08-ENT101-0057,Adobe Systems,2025-08-25,7685.53,EUR,77,Overdue
2025-08,ENT101,INV-2025-08-ENT101-0058,Oracle Corporation,2025-08-12,10970.1,EUR,83,Overdue
2025-08,ENT101,INV-2025-08-ENT101-0059,SAP SE,2025-08-22,1549.45,EUR,1,Outstanding
2025-08,ENT101,INV-2025-08-ENT101-0060,SAP SE,2025-08-13,8385.08,EUR,80,Overdue
2025-08,ENT101,INV-2025-08-ENT101-0061,Apple Inc,2025-08-15,22664.78,EUR,37,Outstanding
2025-08,ENT101,INV-2025-08-ENT101-0062,SAP SE,2025-08-01,4838.93,EUR,40,Outstanding
2025-08,ENT101,INV-2025-08-ENT101-0063,Salesforce Inc,2025-08-12,12713.09,EUR,45,Outstanding
2025-08,ENT101,INV-2025-08-ENT101-0064,Intel Corporation,2025-08-20,11983.9,EUR,32,Outstanding
2025-08,ENT101,INV-2025-08-ENT101-0065,Oracle Corporation,2025-08-01,6950.95,EUR,76,Overdue
2025-08,ENT101,INV-2025-08-ENT101-0066,Salesforce Inc,2025-08-07,3372.73,EUR,65,Overdue
2025-08,ENT101,INV-2025-08-ENT101-0067,Microsoft Corp,2025-08-02,20794.67,EUR,43,Outstanding
2025-08,ENT101,INV-2025-08-ENT101-0068,Cisco Systems,2025-08-03,10487.78,EUR,5,Outstanding
2025-08,ENT101,INV-2025-08-ENT101-0069,Oracle Corporation,2025-08-18,20952.32,EUR,61,Overdue
2025-08,ENT101,INV-2025-08-ENT101-0070,Apple Inc,2025-08-27,8636.74,EUR,6,Outstanding
2025-08,ENT101,INV-2025-08-ENT101-0071,Cisco Systems,2025-08-26,7230.3,EUR,2,Outstanding
2025-08,ENT101,INV-2025-08-ENT101-0072,Google LLC,2025-08-14,12794.86,EUR,74,Overdue
2025-08,ENT101,INV-2025-08-ENT101-0073,Amazon Web Services,2025-08-23,2616.07,EUR,31,Outstanding
2025-08,ENT101,INV-2025-08-ENT101-0074,Amazon Web Services,2025-08-06,4263.1,EUR,17,Outstanding
2025-08,ENT101,INV-2025-08-ENT101-0075,Tesla Inc,2025-08-03,6821.94,EUR,60,Overdue
2025-08,ENT101,INV-2025-08-ENT101-0076,Meta Platforms,2025-08-15,7260.25,EUR,6,Outstanding
2025-08,ENT101,INV-2025-08-ENT101-0077,Meta Platforms,2025-08-12,14290.99,EUR,19,Outstanding
2025-08,ENT101,INV-2025-08-ENT101-0078,Cisco Systems,2025-08-17,5312.73,EUR,50,Outstanding
2025-08,ENT101,INV-2025-08-ENT101-0079,Google LLC,2025-08-02,19568.13,EUR,78,Overdue
2025-08,ENT101,INV-2025-08-ENT101-0080,Amazon Web Services,2025-08-07,4538.13,EUR,41,Outstanding
2025-08,ENT101,INV-2025-08-ENT101-0081,SAP SE,2025-08-13,11640.47,EUR,17,Outstanding
2025-08,ENT101,INV-2025-08-ENT101-0082,SAP SE,2025-08-01,7588.23,EUR,25,Outstanding
2025-08,ENT101,INV-2025-08-ENT101-0083,Google LLC,2025-08-14,19284.92,EUR,77,Overdue
2025-08,ENT101,INV-2025-08-ENT101-0084,Tesla Inc,2025-08-05,1447.27,EUR,37,Outstanding
2025-08,ENT101,INV-2025-08-ENT101-0085,Oracle Corporation,2025-08-14,3015.17,EUR,88,Overdue
2025-08,ENT101,INV-2025-08-ENT101-0086,Apple Inc,2025-08-06,5934.58,EUR,16,Outstanding
2025-08,ENT101,INV-2025-08-ENT101-0087,SAP SE,2025-08-05,3076.05,EUR,64,Overdue
2025-08,ENT101,INV-2025-08-ENT101-0088,Adobe Systems,2025-08-04,1293.37,EUR,44,Outstanding
2025-08,ENT101,INV-2025-08-ENT101-0089,Intel Corporation,2025-08-14,1418.65,EUR,79,Overdue
2025-08,ENT101,INV-2025-08-ENT101-0090,IBM Corporation,2025-08-12,5323.15,EUR,0,Outstanding
2025-08,ENT101,INV-2025-08-ENT101-0091,Meta Platforms,2025-08-22,10544.21,EUR,83,Overdue
2025-08,ENT101,INV-2025-08-ENT101-0092,IBM Corporation,2025-08-05,1741.5,EUR,46,Outstanding
2025-08,ENT101,INV-2025-08-ENT101-0093,Salesforce Inc,2025-08-24,17636.28,EUR,27,Outstanding
2025-08,ENT101,INV-2025-08-ENT101-0094,Google LLC,2025-08-20,7579.7,EUR,77,Overdue
2025-08,ENT101,INV-2025-08-ENT101-0095,Salesforce Inc,2025-08-01,5107.79,EUR,34,Outstanding
2025-08,ENT101,INV-2025-08-ENT101-0096,Microsoft Corp,2025-08-27,4569.63,EUR,68,Overdue
2025-08,ENT101,INV-2025-08-ENT101-0097,Apple Inc,2025-08-21,4039.67,EUR,87,Overdue
2025-08,ENT101,INV-2025-08-ENT101-0098,Google LLC,2025-08-02,6672.8,EUR,88,Overdue
2025-08,ENT101,INV-2025-08-ENT101-0099,Adobe Systems,2025-08-11,6978.81,EUR,49,Outstanding
2025-08,ENT101,INV-2025-08-ENT101-0100,Netflix Inc,2025-08-20,8897.69,EUR,22,Outstanding
2025-08,ENT101,INV-2025-08-ENT101-0101,Google LLC,2025-08-23,14094.25,EUR,7,Outstanding
2025-08,ENT101,INV-2025-08-ENT101-0102,Tesla Inc,2025-08-23,2593.13,EUR,7,Outstanding
2025-08,ENT101,INV-2025-08-ENT101-0103,Adobe Systems,2025-08-02,13798.44,EUR,64,Overdue
2025-08,ENT101,INV-2025-08-ENT101-0104,Netflix Inc,2025-08-11,5818.72,EUR,73,Overdue
2025-08,ENT101,INV-2025-08-ENT101-0105,Apple Inc,2025-08-08,28195.55,EUR,75,Overdue
2025-08,ENT101,INV-2025-08-ENT101-0106,Microsoft Corp,2025-08-14,6333.69,EUR,67,Overdue
2025-08,ENT101,INV-2025-08-ENT101-0107,Cisco Systems,2025-08-16,10329.56,EUR,68,Overdue
2025-08,ENT101,INV-2025-08-ENT101-0108,Salesforce Inc,2025-08-02,7375.43,EUR,63,Overdue
2025-08,ENT101,INV-2025-08-ENT101-0109,IBM Corporation,2025-08-13,11655.22,EUR,72,Overdue
2025-08,ENT101,INV-2025-08-ENT101-0110,Oracle Corporation,2025-08-09,4783.95,EUR,74,Overdue
2025-08,ENT101,INV-2025-08-ENT101-0111,Google LLC,2025-08-19,15093.21,EUR,69,Overdue
2025-08,ENT101,INV-2025-08-ENT101-0112,Amazon Web Services,2025-08-09,10864.35,EUR,22,Outstanding
2025-08,ENT101,INV-2025-08-ENT101-0113,IBM Corporation,2025-08-07,5116.71,EUR,88,Overdue
2025-08,ENT101,INV-2025-08-ENT101-0114,IBM Corporation,2025-08-12,12779.2,EUR,70,Overdue
2025-08,ENT102,INV-2025-08-ENT102-0001,Amazon Web Services,2025-08-27,4952.89,GBP,49,Outstanding
2025-08,ENT102,INV-2025-08-ENT102-0002,Salesforce Inc,2025-08-12,4986.3,GBP,76,Overdue
2025-08,ENT102,INV-2025-08-ENT102-0003,Adobe Systems,2025-08-22,21599.0,GBP,18,Outstanding
2025-08,ENT102,INV-2025-08-ENT102-0004,IBM Corporation,2025-08-07,11123.99,GBP,24,Outstanding
2025-08,ENT102,INV-2025-08-ENT102-0005,Amazon Web Services,2025-08-01,4781.55,GBP,4,Outstanding
2025-08,ENT102,INV-2025-08-ENT102-0006,Intel Corporation,2025-08-11,4515.59,GBP,88,Overdue
2025-08,ENT102,INV-2025-08-ENT102-0007,Google LLC,2025-08-14,2534.81,GBP,26,Outstanding
2025-08,ENT102,INV-2025-08-ENT102-0008,Intel Corporation,2025-08-22,11961.53,GBP,89,Overdue
2025-08,ENT102,INV-2025-08-ENT102-0009,Netflix Inc,2025-08-17,3190.02,GBP,77,Overdue
2025-08,ENT102,INV-2025-08-ENT102-0010,SAP SE,2025-08-16,9531.24,GBP,69,Overdue
2025-08,ENT102,INV-2025-08-ENT102-0011,Tesla Inc,2025-08-26,9354.74,GBP,3,Outstanding
2025-08,ENT102,INV-2025-08-ENT102-0012,Salesforce Inc,2025-08-26,12061.67,GBP,36,Outstanding
2025-08,ENT102,INV-2025-08-ENT102-0013,Intel Corporation,2025-08-08,8321.22,GBP,20,Outstanding
2025-08,ENT102,INV-2025-08-ENT102-0014,Adobe Systems,2025-08-20,1187.36,GBP,16,Outstanding
2025-08,ENT102,INV-2025-08-ENT102-0015,SAP SE,2025-08-14,12434.47,GBP,2,Outstanding
2025-08,ENT102,INV-2025-08-ENT102-0016,Google LLC,2025-08-24,4476.08,GBP,23,Outstanding
2025-08,ENT102,INV-2025-08-ENT102-0017,Meta Platforms,2025-08-19,4128.63,GBP,30,Outstanding
2025-08,ENT102,INV-2025-08-ENT102-0018,Tesla Inc,2025-08-22,5304.29,GBP,23,Outstanding
2025-08,ENT102,INV-2025-08-ENT102-0019,Oracle Corporation,2025-08-26,12799.9,GBP,30,Outstanding
2025-08,ENT102,INV-2025-08-ENT102-0020,Microsoft Corp,2025-08-23,122.0,GBP,54,Outstanding
2025-08,ENT102,INV-2025-08-ENT102-0021,Apple Inc,2025-08-20,9373.58,GBP,46,Outstanding
2025-08,ENT102,INV-2025-08-ENT102-0022,Oracle Corporation,2025-08-06,2395.04,GBP,3,Outstanding
2025-08,ENT102,INV-2025-08-ENT102-0023,Salesforce Inc,2025-08-27,10997.83,GBP,14,Outstanding
2025-08,ENT102,INV-2025-08-ENT102-0024,Apple Inc,2025-08-03,6689.31,GBP,76,Overdue
2025-08,ENT102,INV-2025-08-ENT102-0025,Microsoft Corp,2025-08-22,1428.06,GBP,69,Overdue
2025-08,ENT102,INV-2025-08-ENT102-0026,IBM Corporation,2025-08-20,3267.98,GBP,48,Outstanding
2025-08,ENT102,INV-2025-08-ENT102-0027,Intel Corporation,2025-08-05,1562.13,GBP,69,Overdue
2025-08,ENT102,INV-2025-08-ENT102-0028,Cisco Systems,2025-08-01,6228.99,GBP,23,Outstanding
2025-08,ENT102,INV-2025-08-ENT102-0029,Netflix Inc,2025-08-09,3917.67,GBP,53,Outstanding
2025-08,ENT102,INV-2025-08-ENT102-0030,Oracle Corporation,2025-08-24,2180.69,GBP,88,Overdue
2025-08,ENT102,INV-2025-08-ENT102-0031,Salesforce Inc,2025-08-24,6679.76,GBP,29,Outstanding
2025-08,ENT102,INV-2025-08-ENT102-0032,Salesforce Inc,2025-08-24,2466.34,GBP,9,Outstanding
2025-08,ENT102,INV-2025-08-ENT102-0033,Salesforce Inc,2025-08-25,2594.75,GBP,76,Overdue
2025-08,ENT102,INV-2025-08-ENT102-0034,Intel Corporation,2025-08-20,5245.55,GBP,81,Overdue
2025-08,ENT102,INV-2025-08-ENT102-0035,Google LLC,2025-08-21,2803.71,GBP,67,Overdue
2025-08,ENT102,INV-2025-08-ENT102-0036,SAP SE,2025-08-18,862.59,GBP,31,Outstanding
2025-08,ENT102,INV-2025-08-ENT102-0037,Adobe Systems,2025-08-24,2117.01,GBP,14,Outstanding
2025-08,ENT102,INV-2025-08-ENT102-0038,IBM Corporation,2025-08-14,11702.65,GBP,56,Outstanding
2025-08,ENT102,INV-2025-08-ENT102-0039,Amazon Web Services,2025-08-18,3922.85,GBP,68,Overdue
2025-08,ENT102,INV-2025-08-ENT102-0040,IBM Corporation,2025-08-19,2567.08,GBP,88,Overdue
2025-08,ENT102,INV-2025-08-ENT102-0041,Cisco Systems,2025-08-25,8275.58,GBP,60,Overdue
2025-08,ENT102,INV-2025-08-ENT102-0042,SAP SE,2025-08-01,2604.38,GBP,80,Overdue
2025-08,ENT102,INV-2025-08-ENT102-0043,Intel Corporation,2025-08-02,4683.42,GBP,27,Outstanding
2025-08,ENT102,INV-2025-08-ENT102-0044,Netflix Inc,2025-08-02,13756.87,GBP,69,Overdue
2025-08,ENT102,INV-2025-08-ENT102-0045,IBM Corporation,2025-08-01,6247.94,GBP,73,Overdue
2025-08,ENT102,INV-2025-08-ENT102-0046,Amazon Web Services,2025-08-10,7183.78,GBP,15,Outstanding
2025-08,ENT102,INV-2025-08-ENT102-0047,SAP SE,2025-08-22,2451.46,GBP,75,Overdue
2025-08,ENT102,INV-2025-08-ENT102-0048,Amazon Web Services,2025-08-03,4179.6,GBP,63,Overdue
2025-08,ENT102,INV-2025-08-ENT102-0049,Oracle Corporation,2025-08-07,6311.01,GBP,20,Outstanding
2025-08,ENT102,INV-2025-08-ENT102-0050,Salesforce Inc,2025-08-15,14908.37,GBP,84,Overdue
2025-08,ENT102,INV-2025-08-ENT102-0051,Tesla Inc,2025-08-14,6550.47,GBP,26,Outstanding
2025-08,ENT102,INV-2025-08-ENT102-0052,SAP SE,2025-08-02,6755.31,GBP,24,Outstanding
2025-08,ENT102,INV-2025-08-ENT102-0053,Microsoft Corp,2025-08-08,5202.56,GBP,43,Outstanding
2025-08,ENT102,INV-2025-08-ENT102-0054,Apple Inc,2025-08-23,12448.96,GBP,88,Overdue
2025-08,ENT102,INV-2025-08-ENT102-0055,Amazon Web Services,2025-08-19,3639.62,GBP,68,Overdue
2025-08,ENT102,INV-2025-08-ENT102-0056,IBM Corporation,2025-08-09,3438.13,GBP,35,Outstanding
2025-08,ENT102,INV-2025-08-ENT102-0057,Netflix Inc,2025-08-23,3484.44,GBP,8,Outstanding
2025-08,ENT102,INV-2025-08-ENT102-0058,Adobe Systems,2025-08-12,1715.93,GBP,1,Outstanding
2025-08,ENT102,INV-2025-08-ENT102-0059,Apple Inc,2025-08-13,5834.59,GBP,2,Outstanding
2025-08,ENT102,INV-2025-08-ENT102-0060,Meta Platforms,2025-08-05,4066.42,GBP,31,Outstanding
2025-08,ENT102,INV-2025-08-ENT102-0061,Netflix Inc,2025-08-05,3833.54,GBP,3,Outstanding
2025-08,ENT102,INV-2025-08-ENT102-0062,Netflix Inc,2025-08-12,2834.52,GBP,10,Outstanding
2025-08,ENT102,INV-2025-08-ENT102-0063,Tesla Inc,2025-08-01,6219.76,GBP,62,Overdue
2025-08,ENT102,INV-2025-08-ENT102-0064,IBM Corporation,2025-08-27,2038.23,GBP,26,Outstanding
2025-08,ENT102,INV-2025-08-ENT102-0065,Cisco Systems,2025-08-01,7305.64,GBP,67,Overdue
2025-08,ENT102,INV-2025-08-ENT102-0066,Meta Platforms,2025-08-03,3516.35,GBP,60,Overdue
2025-08,ENT102,INV-2025-08-ENT102-0067,Salesforce Inc,2025-08-20,7990.34,GBP,49,Outstanding
2025-08,ENT102,INV-2025-08-ENT102-0068,IBM Corporation,2025-08-15,2162.17,GBP,72,Overdue
2025-08,ENT102,INV-2025-08-ENT102-0069,Meta Platforms,2025-08-22,11564.29,GBP,2,Outstanding
2025-08,ENT102,INV-2025-08-ENT102-0070,Netflix Inc,2025-08-24,2178.6,GBP,89,Overdue
2025-08,ENT102,INV-2025-08-ENT102-0071,Google LLC,2025-08-03,3507.99,GBP,51,Outstanding
2025-08,ENT102,INV-2025-08-ENT102-0072,Salesforce Inc,2025-08-25,3037.29,GBP,22,Outstanding
2025-08,ENT102,INV-2025-08-ENT102-0073,Netflix Inc,2025-08-12,574.99,GBP,10,Outstanding
2025-08,ENT102,INV-2025-08-ENT102-0074,Google LLC,2025-08-16,5491.65,GBP,33,Outstanding
2025-08,ENT102,INV-2025-08-ENT102-0075,Adobe Systems,2025-08-24,5913.12,GBP,27,Outstanding
2025-08,ENT102,INV-2025-08-ENT102-0076,Amazon Web Services,2025-08-23,7517.86,GBP,86,Overdue
2025-08,ENT102,INV-2025-08-ENT102-0077,Salesforce Inc,2025-08-25,2162.13,GBP,46,Outstanding
2025-08,ENT102,INV-2025-08-ENT102-0078,Oracle Corporation,2025-08-21,3235.44,GBP,45,Outstanding
2025-08,ENT102,INV-2025-08-ENT102-0079,Adobe Systems,2025-08-12,4577.61,GBP,16,Outstanding
2025-08,ENT102,INV-2025-08-ENT102-0080,Apple Inc,2025-08-27,6586.2,GBP,22,Outstanding
2025-08,ENT102,INV-2025-08-ENT102-0081,Salesforce Inc,2025-08-24,9050.22,GBP,45,Outstanding
2025-08,ENT102,INV-2025-08-ENT102-0082,Netflix Inc,2025-08-19,3301.22,GBP,29,Outstanding
2025-08,ENT102,INV-2025-08-ENT102-0083,SAP SE,2025-08-17,1525.78,GBP,24,Outstanding
2025-08,ENT102,INV-2025-08-ENT102-0084,Netflix Inc,2025-08-16,6825.72,GBP,82,Overdue
2025-08,ENT102,INV-2025-08-ENT102-0085,Cisco Systems,2025-08-10,6159.67,GBP,18,Outstanding
2025-08,ENT102,INV-2025-08-ENT102-0086,Oracle Corporation,2025-08-25,10644.01,GBP,18,Outstanding
2025-08,ENT102,INV-2025-08-ENT102-0087,Tesla Inc,2025-08-06,19142.11,GBP,52,Outstanding
2025-08,ENT102,INV-2025-08-ENT102-0088,Cisco Systems,2025-08-01,4853.29,GBP,51,Outstanding
2025-08,ENT102,INV-2025-08-ENT102-0089,Netflix Inc,2025-08-21,4480.19,GBP,58,Outstanding
2025-08,ENT102,INV-2025-08-ENT102-0090,Tesla Inc,2025-08-23,10301.3,GBP,15,Outstanding
2025-08,ENT102,INV-2025-08-ENT102-0091,Meta Platforms,2025-08-16,15981.0,GBP,29,Outstanding
2025-08,ENT102,INV-2025-08-ENT102-0092,Meta Platforms,2025-08-20,5628.0,GBP,66,Overdue
2025-08,ENT102,INV-2025-08-ENT102-0093,Cisco Systems,2025-08-09,11717.22,GBP,60,Overdue
2025-08,ENT102,INV-2025-08-ENT102-0094,Tesla Inc,2025-08-01,10461.6,GBP,7,Outstanding
2025-08,ENT102,INV-2025-08-ENT102-0095,Salesforce Inc,2025-08-08,7682.83,GBP,75,Overdue
2025-08,ENT102,INV-2025-08-ENT102-0096,Tesla Inc,2025-08-26,14034.66,GBP,51,Outstanding
2025-08,ENT102,INV-2025-08-ENT102-0097,Salesforce Inc,2025-08-21,4007.27,GBP,50,Outstanding
2025-08,ENT102,INV-2025-08-ENT102-0098,Oracle Corporation,2025-08-07,15382.02,GBP,27,Outstanding
2025-08,ENT102,INV-2025-08-ENT102-0099,Salesforce Inc,2025-08-13,9024.19,GBP,66,Overdue
2025-08,ENT102,INV-2025-08-ENT102-0100,SAP SE,2025-08-09,2422.1,GBP,0,Outstanding
2025-08,ENT102,INV-2025-08-ENT102-0101,Cisco Systems,2025-08-06,2337.95,GBP,85,Overdue
2025-08,ENT102,INV-2025-08-ENT102-0102,Cisco Systems,2025-08-10,9407.48,GBP,64,Overdue
2025-08,ENT102,INV-2025-08-ENT102-0103,Netflix Inc,2025-08-17,6230.65,GBP,39,Outstanding
2025-08,ENT102,INV-2025-08-ENT102-0104,Salesforce Inc,2025-08-13,1219.42,GBP,60,Overdue
2025-08,ENT102,INV-2025-08-ENT102-0105,SAP SE,2025-08-17,9129.77,GBP,61,Overdue
2025-08,ENT102,INV-2025-08-ENT102-0106,Netflix Inc,2025-08-10,11185.11,GBP,53,Outstanding
2025-08,ENT102,INV-2025-08-ENT102-0107,Microsoft Corp,2025-08-24,3285.54,GBP,36,Outstanding
2025-08,ENT102,INV-2025-08-ENT102-0108,Cisco Systems,2025-08-07,2446.04,GBP,54,Outstanding
2025-08,ENT102,INV-2025-08-ENT102-0109,Apple Inc,2025-08-11,6521.99,GBP,18,Outstanding
2025-08,ENT102,INV-2025-08-ENT102-0110,Meta Platforms,2025-08-12,3848.6,GBP,18,Outstanding
2025-08,ENT102,INV-2025-08-ENT102-0111,Tesla Inc,2025-08-21,3065.24,GBP,11,Outstanding
2025-08,ENT102,INV-2025-08-ENT102-0112,SAP SE,2025-08-26,10116.23,GBP,68,Overdue
2025-08,ENT102,INV-2025-08-ENT102-0113,Netflix Inc,2025-08-14,3391.83,GBP,86,Overdue
2025-08,ENT102,INV-2025-08-ENT102-0114,Google LLC,2025-08-01,15150.96,GBP,35,Outstanding
2025-08,ENT102,INV-2025-08-ENT102-0115,SAP SE,2025-08-15,9962.5,GBP,27,Outstanding
2025-08,ENT102,INV-2025-08-ENT102-0116,Adobe Systems,2025-08-15,4809.26,GBP,40,Outstanding
2025-08,ENT102,INV-2025-08-ENT102-0117,Google LLC,2025-08-09,5657.16,GBP,73,Overdue
2025-08,ENT102,INV-2025-08-ENT102-0118,Cisco Systems,2025-08-19,6352.0,GBP,72,Overdue
2025-08,ENT102,INV-2025-08-ENT102-0119,Salesforce Inc,2025-08-03,10067.86,GBP,83,Overdue
2025-08,ENT102,INV-2025-08-ENT102-0120,Netflix Inc,2025-08-17,5578.04,GBP,40,Outstanding
2025-08,ENT102,INV-2025-08-ENT102-0121,Adobe Systems,2025-08-11,2810.25,GBP,64,Overdue
2025-08,ENT102,INV-2025-08-ENT102-0122,Adobe Systems,2025-08-17,3372.46,GBP,24,Outstanding
2025-08,ENT102,INV-2025-08-ENT102-0123,IBM Corporation,2025-08-06,5726.16,GBP,27,Outstanding
2025-08,ENT102,INV-2025-08-ENT102-0124,IBM Corporation,2025-08-23,3084.33,GBP,72,Overdue
2025-08,ENT102,INV-2025-08-ENT102-0125,Amazon Web Services,2025-08-12,16542.98,GBP,31,Outstanding
2025-08,ENT102,INV-2025-08-ENT102-0126,Intel Corporation,2025-08-23,20469.08,GBP,74,Overdue
2025-08,ENT102,INV-2025-08-ENT102-0127,SAP SE,2025-08-22,1424.91,GBP,32,Outstanding
2025-08,ENT102,INV-2025-08-ENT102-0128,SAP SE,2025-08-04,1976.7,GBP,36,Outstanding
2025-08,ENT102,INV-2025-08-ENT102-0129,Amazon Web Services,2025-08-15,3809.84,GBP,19,Outstanding
2025-08,ENT102,INV-2025-08-ENT102-0130,Microsoft Corp,2025-08-11,5540.78,GBP,10,Outstanding
2025-08,ENT102,INV-2025-08-ENT102-0131,Google LLC,2025-08-05,4694.17,GBP,7,Outstanding
2025-08,ENT102,INV-2025-08-ENT102-0132,IBM Corporation,2025-08-04,6537.18,GBP,49,Outstanding
2025-08,ENT102,INV-2025-08-ENT102-0133,Amazon Web Services,2025-08-24,11690.93,GBP,58,Outstanding
2025-08,ENT102,INV-2025-08-ENT102-0134,Apple Inc,2025-08-22,4922.45,GBP,63,Overdue
2025-08,ENT102,INV-2025-08-ENT102-0135,Apple Inc,2025-08-18,7209.01,GBP,5,Outstanding
2025-08,ENT102,INV-2025-08-ENT102-0136,Intel Corporation,2025-08-26,5167.47,GBP,36,Outstanding
2025-08,ENT102,INV-2025-08-ENT102-0137,Salesforce Inc,2025-08-03,1795.6,GBP,86,Overdue
2025-08,ENT102,INV-2025-08-ENT102-0138,Netflix Inc,2025-08-13,11795.91,GBP,58,Outstanding
2025-08,ENT102,INV-2025-08-ENT102-0139,Oracle Corporation,2025-08-13,7010.77,GBP,21,Outstanding
2025-08,ENT102,INV-2025-08-ENT102-0140,IBM Corporation,2025-08-13,5258.08,GBP,85,Overdue
2025-08,ENT102,INV-2025-08-ENT102-0141,Intel Corporation,2025-08-19,7148.5,GBP,2,Outstanding
2025-08,ENT102,INV-2025-08-ENT102-0142,Meta Platforms,2025-08-21,7904.84,GBP,45,Outstanding
2025-08,ENT102,INV-2025-08-ENT102-0143,Amazon Web Services,2025-08-11,9664.31,GBP,67,Overdue
2025-08,ENT102,INV-2025-08-ENT102-0144,Oracle Corporation,2025-08-13,6638.9,GBP,10,Outstanding
2025-08,ENT102,INV-2025-08-ENT102-0145,SAP SE,2025-08-17,1786.91,GBP,81,Overdue
2025-08,ENT102,INV-2025-08-ENT102-0146,SAP SE,2025-08-07,11056.11,GBP,84,Overdue
2025-08,ENT102,INV-2025-08-ENT102-0147,Salesforce Inc,2025-08-17,3118.53,GBP,35,Outstanding
2025-08,ENT102,INV-2025-08-ENT102-0148,Salesforce Inc,2025-08-12,6451.75,GBP,20,Outstanding
2025-08,ENT102,INV-2025-08-ENT102-0149,SAP SE,2025-08-05,7508.17,GBP,80,Overdue
2025-08,ENT102,INV-2025-08-ENT102-0150,Intel Corporation,2025-08-17,8335.31,GBP,18,Outstanding
2025-08,ENT102,INV-2025-08-ENT102-0151,Salesforce Inc,2025-08-12,3947.49,GBP,51,Outstanding
2025-08,ENT102,INV-2025-08-ENT102-0152,SAP SE,2025-08-01,850.14,GBP,61,Overdue
2025-08,ENT102,INV-2025-08-ENT102-0153,Cisco Systems,2025-08-27,12429.65,GBP,74,Overdue
2025-08,ENT102,INV-2025-08-ENT102-0154,Meta Platforms,2025-08-27,13175.75,GBP,81,Overdue
2025-08,ENT102,INV-2025-08-ENT102-0155,Adobe Systems,2025-08-15,2582.96,GBP,3,Outstanding
2025-08,ENT102,INV-2025-08-ENT102-0156,Salesforce Inc,2025-08-19,11744.66,GBP,62,Overdue
2025-08,ENT102,INV-2025-08-ENT102-0157,Netflix Inc,2025-08-05,4532.5,GBP,12,Outstanding
2025-08,ENT102,INV-2025-08-ENT102-0158,Apple Inc,2025-08-22,8910.68,GBP,85,Overdue
2025-08,ENT102,INV-2025-08-ENT102-0159,Netflix Inc,2025-08-10,2505.15,GBP,41,Outstanding
2025-08,ENT102,INV-2025-08-ENT102-0160,Netflix Inc,2025-08-03,11185.43,GBP,55,Outstanding
2025-08,ENT102,INV-2025-08-ENT102-0161,Amazon Web Services,2025-08-15,7624.21,GBP,34,Outstanding
2025-08,ENT102,INV-2025-08-ENT102-0162,Tesla Inc,2025-08-15,4838.34,GBP,36,Outstanding
2025-08,ENT102,INV-2025-08-ENT102-0163,Cisco Systems,2025-08-05,3992.07,GBP,59,Outstanding
2025-08,ENT102,INV-2025-08-ENT102-0164,Cisco Systems,2025-08-08,8130.78,GBP,22,Outstanding
2025-08,ENT102,INV-2025-08-ENT102-0165,Netflix Inc,2025-08-14,7414.96,GBP,3,Outstanding
2025-08,ENT102,INV-2025-08-ENT102-0166,Tesla Inc,2025-08-02,19655.96,GBP,44,Outstanding
2025-08,ENT102,INV-2025-08-ENT102-0167,Google LLC,2025-08-06,9275.64,GBP,15,Outstanding
2025-08,ENT102,INV-2025-08-ENT102-0168,Google LLC,2025-08-16,5338.31,GBP,59,Outstanding
2025-08,ENT102,INV-2025-08-ENT102-0169,Meta Platforms,2025-08-13,2619.85,GBP,55,Outstanding
2025-08,ENT102,INV-2025-08-ENT102-0170,Apple Inc,2025-08-24,4261.38,GBP,54,Outstanding
2025-08,ENT102,INV-2025-08-ENT102-0171,Adobe Systems,2025-08-07,10805.2,GBP,52,Outstanding
2025-08,ENT102,INV-2025-08-ENT102-0172,IBM Corporation,2025-08-21,8412.59,GBP,18,Outstanding
2025-08,ENT102,INV-2025-08-ENT102-0173,Microsoft Corp,2025-08-25,1677.15,GBP,85,Overdue
2025-08,ENT102,INV-2025-08-ENT102-0174,Salesforce Inc,2025-08-04,8652.9,GBP,71,Overdue
2025-08,ENT102,INV-2025-08-ENT102-0175,Google LLC,2025-08-18,7192.99,GBP,13,Outstanding
2025-08,ENT102,INV-2025-08-ENT102-0176,Oracle Corporation,2025-08-22,9631.23,GBP,29,Outstanding
