period,entity,bank_txn_id,date,amount,currency,counterparty,transaction_type,description
2025-08,ENT100,BNK-2025-08-ENT100-0001,2025-08-26,-10529.87,USD,Salesforce Inc,Wire,Payment to/from Adobe Systems
2025-08,ENT100,BNK-2025-08-ENT100-0002,2025-08-04,7041.17,USD,Payroll Services Inc,ACH,Payment to/from Payroll Services Inc
2025-08,ENT100,BNK-2025-08-ENT100-0003,2025-08-02,-7548.16,USD,Tax Authority,ACH,Payment to/from Oracle Corporation
2025-08,ENT100,BNK-2025-08-ENT100-0004,2025-08-12,-6258.35,USD,Utility Company,ACH,Payment to/from Microsoft Corp
2025-08,ENT100,BNK-2025-08-ENT100-0005,2025-08-15,-4558.43,USD,Salesforce Inc,ACH,Payment to/from Tax Authority
2025-08,ENT100,BNK-2025-08-ENT100-0006,2025-08-03,-6473.33,USD,Oracle Corporation,ACH,Payment to/from Salesforce Inc
2025-08,ENT100,BNK-2025-08-ENT100-0007,2025-08-14,-5605.56,USD,Google LLC,ACH,Payment to/from Office Lease Corp
2025-08,ENT100,BNK-2025-08-ENT100-0008,2025-08-20,-6937.16,USD,Tax Authority,ACH,Payment to/from Tax Authority
2025-08,ENT100,BNK-2025-08-ENT100-0009,2025-08-04,7584.9,USD,Google LLC,ACH,Payment to/from Payroll Services Inc
2025-08,ENT100,BNK-2025-08-ENT100-0010,2025-08-22,-7069.64,USD,Office Lease Corp,ACH,Payment to/from Amazon Web Services
2025-08,ENT100,BNK-2025-08-ENT100-0011,2025-08-23,19974.81,USD,Tax Authority,Wire,Payment to/from Utility Company
2025-08,ENT100,BNK-2025-08-ENT100-0012,2025-08-13,-8084.78,USD,Google LLC,ACH,Payment to/from Oracle Corporation
2025-08,ENT100,BNK-2025-08-ENT100-0013,2025-08-15,-7643.57,USD,Microsoft Corp,ACH,Payment to/from Utility Company
2025-08,ENT100,BNK-2025-08-ENT100-0014,2025-08-12,-9663.32,USD,Payroll Services Inc,ACH,Payment to/from Payroll Services Inc
2025-08,ENT100,BNK-2025-08-ENT100-0015,2025-08-27,18676.45,USD,Oracle Corporation,Wire,Payment to/from Office Lease Corp
2025-08,ENT100,BNK-2025-08-ENT100-0016,2025-08-07,-3189.7,USD,Utility Company,ACH,Payment to/from Payroll Services Inc
2025-08,ENT100,BNK-2025-08-ENT100-0017,2025-08-05,-5832.42,USD,Salesforce Inc,ACH,Payment to/from Tax Authority
2025-08,ENT100,BNK-2025-08-ENT100-0018,2025-08-01,-3652.58,USD,Salesforce Inc,ACH,Payment to/from Oracle Corporation
2025-08,ENT100,BNK-2025-08-ENT100-0019,2025-08-14,-9995.95,USD,Adobe Systems,ACH,Payment to/from Insurance Provider
2025-08,ENT100,BNK-2025-08-ENT100-0020,2025-08-10,-11966.62,USD,Tax Authority,Wire,Payment to/from Salesforce Inc
2025-08,ENT100,BNK-2025-08-ENT100-0021,2025-08-05,3011.05,USD,Adobe Systems,ACH,Payment to/from Adobe Systems
2025-08,ENT100,BNK-2025-08-ENT100-0022,2025-08-04,-14515.03,USD,Adobe Systems,Wire,Payment to/from Insurance Provider
2025-08,ENT100,BNK-2025-08-ENT100-0023,2025-08-21,-8836.75,USD,SAP SE,ACH,Payment to/from Tax Authority
2025-08,ENT100,BNK-2025-08-ENT100-0024,2025-08-11,-13260.84,USD,Office Lease Corp,Wire,Payment to/from Adobe Systems
2025-08,ENT100,BNK-2025-08-ENT100-0025,2025-08-25,-3896.56,USD,Amazon Web Services,ACH,Payment to/from Utility Company
2025-08,ENT100,BNK-2025-08-ENT100-0026,2025-08-27,-5446.13,USD,Utility Company,ACH,Payment to/from Oracle Corporation
2025-08,ENT100,BNK-2025-08-ENT100-0027,2025-08-24,-3188.84,USD,Utility Company,ACH,Payment to/from Amazon Web Services
2025-08,ENT100,BNK-2025-08-ENT100-0028,2025-08-20,-3486.77,USD,Tax Authority,ACH,Payment to/from Adobe Systems
2025-08,ENT100,BNK-2025-08-ENT100-0029,2025-08-17,-2684.14,USD,Google LLC,ACH,Payment to/from Google LLC
2025-08,ENT100,BNK-2025-08-ENT100-0030,2025-08-01,-2920.64,USD,Microsoft Corp,ACH,Payment to/from Salesforce Inc
2025-08,ENT100,BNK-2025-08-ENT100-0031,2025-08-23,-317.17,USD,Amazon Web Services,ACH,Payment to/from Adobe Systems
2025-08,ENT100,BNK-2025-08-ENT100-0032,2025-08-06,-18749.47,USD,Payroll Services Inc,Wire,Payment to/from Oracle Corporation
2025-08,ENT100,BNK-2025-08-ENT100-0033,2025-08-01,-10841.25,USD,Utility Company,Wire,Payment to/from Tax Authority
2025-08,ENT100,BNK-2025-08-ENT100-0034,2025-08-03,-27244.48,USD,Amazon Web Services,Wire,Payment to/from Tax Authority
2025-08,ENT100,BNK-2025-08-ENT100-0035,2025-08-07,-7150.41,USD,Amazon Web Services,ACH,Payment to/from Utility Company
2025-08,ENT100,BNK-2025-08-ENT100-0036,2025-08-18,-5273.44,USD,Payroll Services Inc,ACH,Payment to/from Microsoft Corp
2025-08,ENT100,BNK-2025-08-ENT100-0037,2025-08-10,-3417.98,USD,Salesforce Inc,ACH,Payment to/from Adobe Systems
2025-08,ENT100,BNK-2025-08-ENT100-0038,2025-08-25,-11513.42,USD,Amazon Web Services,Wire,Payment to/from Tax Authority
2025-08,ENT100,BNK-2025-08-ENT100-0039,2025-08-09,23576.8,USD,Salesforce Inc,Wire,Payment to/from Salesforce Inc
2025-08,ENT100,BNK-2025-08-ENT100-0040,2025-08-24,-7971.68,USD,SAP SE,ACH,Payment to/from Payroll Services Inc
2025-08,ENT100,BNK-2025-08-ENT100-0041,2025-08-16,-11331.16,USD,Utility Company,Wire,Payment to/from Salesforce Inc
2025-08,ENT100,BNK-2025-08-ENT100-0042,2025-08-14,-15054.85,USD,Google LLC,Wire,Payment to/from Google LLC
2025-08,ENT100,BNK-2025-08-ENT100-0043,2025-08-01,-2356.91,USD,Oracle Corporation,ACH,Payment to/from Amazon Web Services
2025-08,ENT100,BNK-2025-08-ENT100-0044,2025-08-03,-11357.5,USD,Microsoft Corp,Wire,Payment to/from Microsoft Corp
2025-08,ENT100,BNK-2025-08-ENT100-0045,2025-08-06,-28377.15,USD,SAP SE,Wire,Payment to/from Salesforce Inc
2025-08,ENT100,BNK-2025-08-ENT100-0046,2025-08-02,-7939.37,USD,Oracle Corporation,ACH,Payment to/from Microsoft Corp
2025-08,ENT100,BNK-2025-08-ENT100-0047,2025-08-19,-1834.03,USD,Amazon Web Services,ACH,Payment to/from Salesforce Inc
2025-08,ENT100,BNK-2025-08-ENT100-0048,2025-08-12,-6911.79,USD,Tax Authority,ACH,Payment to/from Oracle Corporation
2025-08,ENT100,BNK-2025-08-ENT100-0049,2025-08-01,-10982.4,USD,Amazon Web Services,Wire,Payment to/from Oracle Corporation
2025-08,ENT100,BNK-2025-08-ENT100-0050,2025-08-03,1461.51,USD,Google LLC,ACH,Payment to/from Utility Company
2025-08,ENT100,BNK-2025-08-ENT100-0051,2025-08-10,-2473.7,USD,Google LLC,ACH,Payment to/from Office Lease Corp
2025-08,ENT100,BNK-2025-08-ENT100-0052,2025-08-11,-17812.26,USD,SAP SE,Wire,Payment to/from Adobe Systems
2025-08,ENT100,BNK-2025-08-ENT100-0053,2025-08-13,17209.79,USD,Tax Authority,Wire,Payment to/from Office Lease Corp
2025-08,ENT100,BNK-2025-08-ENT100-0054,2025-08-20,17195.1,USD,Microsoft Corp,Wire,Payment to/from Payroll Services Inc
2025-08,ENT100,BNK-2025-08-ENT100-0055,2025-08-02,-8455.7,USD,Google LLC,ACH,Payment to/from Adobe Systems
2025-08,ENT100,BNK-2025-08-ENT100-0056,2025-08-26,-8113.68,USD,SAP SE,ACH,Payment to/from Office Lease Corp
2025-08,ENT100,BNK-2025-08-ENT100-0057,2025-08-08,-9232.99,USD,Oracle Corporation,ACH,Payment to/from Tax Authority
2025-08,ENT100,BNK-2025-08-ENT100-0058,2025-08-04,1611.67,USD,SAP SE,ACH,Payment to/from Amazon Web Services
2025-08,ENT100,BNK-2025-08-ENT100-0059,2025-08-18,-3667.28,USD,Tax Authority,ACH,Payment to/from Office Lease Corp
2025-08,ENT100,BNK-2025-08-ENT100-0060,2025-08-19,-9685.03,USD,Tax Authority,ACH,Payment to/from Office Lease Corp
2025-08,ENT100,BNK-2025-08-ENT100-0061,2025-08-26,17091.84,USD,Office Lease Corp,Wire,Payment to/from Microsoft Corp
2025-08,ENT100,BNK-2025-08-ENT100-0062,2025-08-22,-13004.98,USD,Utility Company,Wire,Payment to/from Payroll Services Inc
2025-08,ENT100,BNK-2025-08-ENT100-0063,2025-08-05,-8697.51,USD,SAP SE,ACH,Payment to/from Adobe Systems
2025-08,ENT100,BNK-2025-08-ENT100-0064,2025-08-19,46639.5,USD,Oracle Corporation,Wire,Payment to/from SAP SE
2025-08,ENT100,BNK-2025-08-ENT100-0065,2025-08-16,9788.03,USD,Oracle Corporation,ACH,Payment to/from Adobe Systems
2025-08,ENT100,BNK-2025-08-ENT100-0066,2025-08-05,-23173.36,USD,Adobe Systems,Wire,Payment to/from Office Lease Corp
2025-08,ENT100,BNK-2025-08-ENT100-0067,2025-08-26,-4944.47,USD,Salesforce Inc,ACH,Payment to/from Office Lease Corp
2025-08,ENT100,BNK-2025-08-ENT100-0068,2025-08-13,-7843.57,USD,Amazon Web Services,ACH,Payment to/from Payroll Services Inc
2025-08,ENT100,BNK-2025-08-ENT100-0069,2025-08-03,-15696.88,USD,Tax Authority,Wire,Payment to/from Microsoft Corp
2025-08,ENT100,BNK-2025-08-ENT100-0070,2025-08-05,-10441.83,USD,Tax Authority,Wire,Payment to/from Salesforce Inc
2025-08,ENT100,BNK-2025-08-ENT100-0071,2025-08-12,-2481.25,USD,Google LLC,ACH,Payment to/from Salesforce Inc
2025-08,ENT100,BNK-2025-08-ENT100-0072,2025-08-26,-10873.8,USD,Payroll Services Inc,Wire,Payment to/from Office Lease Corp
2025-08,ENT100,BNK-2025-08-ENT100-0073,2025-08-26,-2235.33,USD,Oracle Corporation,ACH,Payment to/from Google LLC
2025-08,ENT100,BNK-2025-08-ENT100-0074,2025-08-04,-3461.85,USD,Utility Company,ACH,Payment to/from Oracle Corporation
2025-08,ENT100,BNK-2025-08-ENT100-0075,2025-08-03,-555.24,USD,Microsoft Corp,ACH,Payment to/from Salesforce Inc
2025-08,ENT100,BNK-2025-08-ENT100-0076,2025-08-07,-17811.89,USD,Payroll Services Inc,Wire,Payment to/from Adobe Systems
2025-08,ENT100,BNK-2025-08-ENT100-0077,2025-08-25,-5968.86,USD,Salesforce Inc,ACH,Payment to/from Utility Company
2025-08,ENT100,BNK-2025-08-ENT100-0078,2025-08-20,-15019.38,USD,Utility Company,Wire,Payment to/from SAP SE
2025-08,ENT100,BNK-2025-08-ENT100-0079,2025-08-20,15802.84,USD,Salesforce Inc,Wire,Payment to/from Office Lease Corp
2025-08,ENT100,BNK-2025-08-ENT100-0080,2025-08-03,-6436.94,USD,Tax Authority,ACH,Payment to/from Utility Company
2025-08,ENT100,BNK-2025-08-ENT100-0081,2025-08-26,-5377.63,USD,Adobe Systems,ACH,Payment to/from Office Lease Corp
2025-08,ENT100,BNK-2025-08-ENT100-0082,2025-08-11,-8561.3,USD,Insurance Provider,ACH,Payment to/from Google LLC
2025-08,ENT100,BNK-2025-08-ENT100-0083,2025-08-06,-13197.17,USD,Adobe Systems,Wire,Payment to/from Payroll Services Inc
2025-08,ENT100,BNK-2025-08-ENT100-0084,2025-08-26,16987.54,USD,Google LLC,Wire,Payment to/from Oracle Corporation
2025-08,ENT100,BNK-2025-08-ENT100-0085,2025-08-22,-9842.77,USD,Amazon Web Services,ACH,Payment to/from Microsoft Corp
2025-08,ENT100,BNK-2025-08-ENT100-0086,2025-08-12,-4037.68,USD,SAP SE,ACH,Payment to/from Adobe Systems
2025-08,ENT100,BNK-2025-08-ENT100-0087,2025-08-07,-17514.48,USD,Salesforce Inc,Wire,Payment to/from Google LLC
2025-08,ENT100,BNK-2025-08-ENT100-0088,2025-08-13,-9026.83,USD,Tax Authority,ACH,Payment to/from Utility Company
2025-08,ENT100,BNK-2025-08-ENT100-0089,2025-08-24,-3453.07,USD,Microsoft Corp,ACH,Payment to/from SAP SE
2025-08,ENT101,BNK-2025-08-ENT101-0001,2025-08-16,-8234.18,EUR,SAP SE,ACH,Payment to/from Oracle Corporation
2025-08,ENT101,BNK-2025-08-ENT101-0002,2025-08-03,-10595.47,EUR,Salesforce Inc,Wire,Payment to/from Amazon Web Services
2025-08,ENT101,BNK-2025-08-ENT101-0003,2025-08-01,8973.04,EUR,Oracle Corporation,ACH,Payment to/from SAP SE
2025-08,ENT101,BNK-2025-08-ENT101-0004,2025-08-25,-4993.31,EUR,Insurance Provider,ACH,Payment to/from Tax Authority
2025-08,ENT101,BNK-2025-08-ENT101-0005,2025-08-21,-7099.9,EUR,Payroll Services Inc,ACH,Payment to/from Office Lease Corp
2025-08,ENT101,BNK-2025-08-ENT101-0006,2025-08-26,7992.26,EUR,Tax Authority,ACH,Payment to/from Google LLC
2025-08,ENT101,BNK-2025-08-ENT101-0007,2025-08-17,3770.13,EUR,Utility Company,ACH,Payment to/from Microsoft Corp
2025-08,ENT101,BNK-2025-08-ENT101-0008,2025-08-16,-4083.78,EUR,Salesforce Inc,ACH,Payment to/from SAP SE
2025-08,ENT101,BNK-2025-08-ENT101-0009,2025-08-24,-13450.25,EUR,Google LLC,Wire,Payment to/from Insurance Provider
2025-08,ENT101,BNK-2025-08-ENT101-0010,2025-08-01,34918.3,EUR,SAP SE,Wire,Payment to/from Microsoft Corp
2025-08,ENT101,BNK-2025-08-ENT101-0011,2025-08-17,-4728.93,EUR,Microsoft Corp,ACH,Payment to/from Google LLC
2025-08,ENT101,BNK-2025-08-ENT101-0012,2025-08-21,34131.71,EUR,Adobe Systems,Wire,Payment to/from SAP SE
2025-08,ENT101,BNK-2025-08-ENT101-0013,2025-08-23,-22915.05,EUR,Oracle Corporation,Wire,Payment to/from Oracle Corporation
2025-08,ENT101,BNK-2025-08-ENT101-0014,2025-08-17,-9419.23,EUR,Oracle Corporation,ACH,Payment to/from Utility Company
2025-08,ENT101,BNK-2025-08-ENT101-0015,2025-08-17,14523.39,EUR,Payroll Services Inc,Wire,Payment to/from Google LLC
2025-08,ENT101,BNK-2025-08-ENT101-0016,2025-08-26,-11557.36,EUR,Office Lease Corp,Wire,Payment to/from Google LLC
2025-08,ENT101,BNK-2025-08-ENT101-0017,2025-08-12,-5168.15,EUR,Oracle Corporation,ACH,Payment to/from Insurance Provider
2025-08,ENT101,BNK-2025-08-ENT101-0018,2025-08-15,-14812.9,EUR,Adobe Systems,Wire,Payment to/from Oracle Corporation
2025-08,ENT101,BNK-2025-08-ENT101-0019,2025-08-02,-3365.43,EUR,SAP SE,ACH,Payment to/from Google LLC
2025-08,ENT101,BNK-2025-08-ENT101-0020,2025-08-27,-12967.28,EUR,Salesforce Inc,Wire,Payment to/from Google LLC
2025-08,ENT101,BNK-2025-08-ENT101-0021,2025-08-23,-21254.37,EUR,Office Lease Corp,Wire,Payment to/from Salesforce Inc
2025-08,ENT101,BNK-2025-08-ENT101-0022,2025-08-10,-8415.06,EUR,Payroll Services Inc,ACH,Payment to/from Microsoft Corp
2025-08,ENT101,BNK-2025-08-ENT101-0023,2025-08-21,-6340.06,EUR,Google LLC,ACH,Payment to/from Insurance Provider
2025-08,ENT101,BNK-2025-08-ENT101-0024,2025-08-15,-1473.66,EUR,Utility Company,ACH,Payment to/from Adobe Systems
2025-08,ENT101,BNK-2025-08-ENT101-0025,2025-08-03,4856.6,EUR,Salesforce Inc,ACH,Payment to/from Insurance Provider
2025-08,ENT101,BNK-2025-08-ENT101-0026,2025-08-26,-11347.13,EUR,Salesforce Inc,Wire,Payment to/from Salesforce Inc
2025-08,ENT101,BNK-2025-08-ENT101-0027,2025-08-06,-2384.97,EUR,Microsoft Corp,ACH,Payment to/from Oracle Corporation
2025-08,ENT101,BNK-2025-08-ENT101-0028,2025-08-02,-2326.64,EUR,Microsoft Corp,ACH,Payment to/from Office Lease Corp
2025-08,ENT101,BNK-2025-08-ENT101-0029,2025-08-16,-4372.67,EUR,Microsoft Corp,ACH,Payment to/from Office Lease Corp
2025-08,ENT101,BNK-2025-08-ENT101-0030,2025-08-03,-9341.84,EUR,Amazon Web Services,ACH,Payment to/from Payroll Services Inc
2025-08,ENT101,BNK-2025-08-ENT101-0031,2025-08-13,-1793.69,EUR,Office Lease Corp,ACH,Payment to/from Insurance Provider
2025-08,ENT101,BNK-2025-08-ENT101-0032,2025-08-15,32812.36,EUR,Adobe Systems,Wire,Payment to/from Insurance Provider
2025-08,ENT101,BNK-2025-08-ENT101-0033,2025-08-15,-7188.01,EUR,Utility Company,ACH,Payment to/from Adobe Systems
2025-08,ENT101,BNK-2025-08-ENT101-0034,2025-08-25,-3398.11,EUR,Microsoft Corp,ACH,Payment to/from Adobe Systems
2025-08,ENT101,BNK-2025-08-ENT101-0035,2025-08-25,2820.41,EUR,Amazon Web Services,ACH,Payment to/from Office Lease Corp
2025-08,ENT101,BNK-2025-08-ENT101-0036,2025-08-15,-9291.94,EUR,Amazon Web Services,ACH,Payment to/from SAP SE
2025-08,ENT101,BNK-2025-08-ENT101-0037,2025-08-09,-5534.19,EUR,Oracle Corporation,ACH,Payment to/from SAP SE
2025-08,ENT101,BNK-2025-08-ENT101-0038,2025-08-27,-22213.64,EUR,Payroll Services Inc,Wire,Payment to/from Insurance Provider
2025-08,ENT101,BNK-2025-08-ENT101-0039,2025-08-06,-2073.23,EUR,SAP SE,ACH,Payment to/from Adobe Systems
2025-08,ENT101,BNK-2025-08-ENT101-0040,2025-08-24,-11945.13,EUR,Adobe Systems,Wire,Payment to/from Utility Company
2025-08,ENT101,BNK-2025-08-ENT101-0041,2025-08-02,21592.1,EUR,Amazon Web Services,Wire,Payment to/from Tax Authority
2025-08,ENT101,BNK-2025-08-ENT101-0042,2025-08-02,-24920.33,EUR,Insurance Provider,Wire,Payment to/from Payroll Services Inc
2025-08,ENT101,BNK-2025-08-ENT101-0043,2025-08-05,-7499.95,EUR,SAP SE,ACH,Payment to/from Office Lease Corp
2025-08,ENT101,BNK-2025-08-ENT101-0044,2025-08-15,-9800.19,EUR,Microsoft Corp,ACH,Payment to/from Office Lease Corp
2025-08,ENT101,BNK-2025-08-ENT101-0045,2025-08-11,-198.52,EUR,Amazon Web Services,ACH,Payment to/from Insurance Provider
2025-08,ENT101,BNK-2025-08-ENT101-0046,2025-08-10,-4176.24,EUR,Tax Authority,ACH,Payment to/from Google LLC
2025-08,ENT101,BNK-2025-08-ENT101-0047,2025-08-11,-14286.52,EUR,Payroll Services Inc,Wire,Payment to/from SAP SE
2025-08,ENT102,BNK-2025-08-ENT102-0001,2025-08-12,-2274.32,GBP,Google LLC,ACH,Payment to/from Oracle Corporation
2025-08,ENT102,BNK-2025-08-ENT102-0002,2025-08-08,-6838.93,GBP,Insurance Provider,ACH,Payment to/from Utility Company
2025-08,ENT102,BNK-2025-08-ENT102-0003,2025-08-03,-5658.85,GBP,Oracle Corporation,ACH,Payment to/from Oracle Corporation
2025-08,ENT102,BNK-2025-08-ENT102-0004,2025-08-13,-7946.7,GBP,Office Lease Corp,ACH,Payment to/from Utility Company
2025-08,ENT102,BNK-2025-08-ENT102-0005,2025-08-08,-23186.76,GBP,Salesforce Inc,Wire,Payment to/from SAP SE
2025-08,ENT102,BNK-2025-08-ENT102-0006,2025-08-15,-22293.93,GBP,Adobe Systems,Wire,Payment to/from Google LLC
2025-08,ENT102,BNK-2025-08-ENT102-0007,2025-08-19,-1328.98,GBP,Adobe Systems,ACH,Payment to/from Salesforce Inc
2025-08,ENT102,BNK-2025-08-ENT102-0008,2025-08-20,-14508.05,GBP,Microsoft Corp,Wire,Payment to/from Amazon Web Services
2025-08,ENT102,BNK-2025-08-ENT102-0009,2025-08-06,-2951.07,GBP,Utility Company,ACH,Payment to/from Microsoft Corp
2025-08,ENT102,BNK-2025-08-ENT102-0010,2025-08-02,-4239.34,GBP,Office Lease Corp,ACH,Payment to/from Oracle Corporation
2025-08,ENT102,BNK-2025-08-ENT102-0011,2025-08-06,-8521.68,GBP,Amazon Web Services,ACH,Payment to/from Payroll Services Inc
2025-08,ENT102,BNK-2025-08-ENT102-0012,2025-08-04,-38559.78,GBP,Tax Authority,Wire,Payment to/from Google LLC
2025-08,ENT102,BNK-2025-08-ENT102-0013,2025-08-04,12244.37,GBP,Amazon Web Services,Wire,Payment to/from Office Lease Corp
2025-08,ENT102,BNK-2025-08-ENT102-0014,2025-08-06,4093.93,GBP,SAP SE,ACH,Payment to/from Payroll Services Inc
2025-08,ENT102,BNK-2025-08-ENT102-0015,2025-08-11,-4179.15,GBP,Tax Authority,ACH,Payment to/from Office Lease Corp
2025-08,ENT102,BNK-2025-08-ENT102-0016,2025-08-11,-27792.88,GBP,Tax Authority,Wire,Payment to/from Tax Authority
2025-08,ENT102,BNK-2025-08-ENT102-0017,2025-08-24,-7062.21,GBP,Oracle Corporation,ACH,Payment to/from Payroll Services Inc
2025-08,ENT102,BNK-2025-08-ENT102-0018,2025-08-19,-3853.19,GBP,Payroll Services Inc,ACH,Payment to/from Utility Company
2025-08,ENT102,BNK-2025-08-ENT102-0019,2025-08-14,-15266.24,GBP,Oracle Corporation,Wire,Payment to/from Oracle Corporation
2025-08,ENT102,BNK-2025-08-ENT102-0020,2025-08-22,14515.0,GBP,Adobe Systems,Wire,Payment to/from Salesforce Inc
2025-08,ENT102,BNK-2025-08-ENT102-0021,2025-08-09,-4657.61,GBP,Oracle Corporation,ACH,Payment to/from Utility Company
2025-08,ENT102,BNK-2025-08-ENT102-0022,2025-08-20,15095.62,GBP,Utility Company,Wire,Payment to/from Office Lease Corp
2025-08,ENT102,BNK-2025-08-ENT102-0023,2025-08-18,-15417.09,GBP,Insurance Provider,Wire,Payment to/from Google LLC
2025-08,ENT102,BNK-2025-08-ENT102-0024,2025-08-22,-4443.62,GBP,Payroll Services Inc,ACH,Payment to/from Utility Company
2025-08,ENT102,BNK-2025-08-ENT102-0025,2025-08-24,-6818.57,GBP,Microsoft Corp,ACH,Payment to/from Microsoft Corp
2025-08,ENT102,BNK-2025-08-ENT102-0026,2025-08-17,-2874.69,GBP,Adobe Systems,ACH,Payment to/from Microsoft Corp
2025-08,ENT102,BNK-2025-08-ENT102-0027,2025-08-22,-3451.01,GBP,SAP SE,ACH,Payment to/from Tax Authority
2025-08,ENT102,BNK-2025-08-ENT102-0028,2025-08-23,-3939.84,GBP,Salesforce Inc,ACH,Payment to/from Insurance Provider
2025-08,ENT102,BNK-2025-08-ENT102-0029,2025-08-17,-2864.08,GBP,Payroll Services Inc,ACH,Payment to/from Salesforce Inc
2025-08,ENT102,BNK-2025-08-ENT102-0030,2025-08-17,8695.6,GBP,Google LLC,ACH,Payment to/from SAP SE
2025-08,ENT102,BNK-2025-08-ENT102-0031,2025-08-08,-17126.06,GBP,Adobe Systems,Wire,Payment to/from Adobe Systems
2025-08,ENT102,BNK-2025-08-ENT102-0032,2025-08-01,-9299.94,GBP,Adobe Systems,ACH,Payment to/from Adobe Systems
2025-08,ENT102,BNK-2025-08-ENT102-0033,2025-08-08,8414.68,GBP,Microsoft Corp,ACH,Payment to/from Utility Company
2025-08,ENT102,BNK-2025-08-ENT102-0034,2025-08-22,17809.46,GBP,Utility Company,Wire,Payment to/from Oracle Corporation
2025-08,ENT102,BNK-2025-08-ENT102-0035,2025-08-15,3793.25,GBP,Payroll Services Inc,ACH,Payment to/from Google LLC
2025-08,ENT102,BNK-2025-08-ENT102-0036,2025-08-16,-6464.67,GBP,Amazon Web Services,ACH,Payment to/from Amazon Web Services
2025-08,ENT102,BNK-2025-08-ENT102-0037,2025-08-23,-6710.1,GBP,Google LLC,ACH,Payment to/from Adobe Systems
2025-08,ENT102,BNK-2025-08-ENT102-0038,2025-08-19,-10458.22,GBP,Amazon Web Services,Wire,Payment to/from Tax Authority
2025-08,ENT102,BNK-2025-08-ENT102-0039,2025-08-05,-9004.13,GBP,Amazon Web Services,ACH,Payment to/from Insurance Provider
2025-08,ENT102,BNK-2025-08-ENT102-0040,2025-08-05,25649.57,GBP,Oracle Corporation,Wire,Payment to/from SAP SE
2025-08,ENT102,BNK-2025-08-ENT102-0041,2025-08-21,-1049.48,GBP,Tax Authority,ACH,Payment to/from Salesforce Inc
2025-08,ENT102,BNK-2025-08-ENT102-0042,2025-08-24,-4060.86,GBP,Insurance Provider,ACH,Payment to/from Adobe Systems
2025-08,ENT102,BNK-2025-08-ENT102-0043,2025-08-19,-8589.61,GBP,Microsoft Corp,ACH,Payment to/from Utility Company
2025-08,ENT102,BNK-2025-08-ENT102-0044,2025-08-11,-1773.06,GBP,Amazon Web Services,ACH,Payment to/from Office Lease Corp
2025-08,ENT102,BNK-2025-08-ENT102-0045,2025-08-23,-10837.03,GBP,Oracle Corporation,Wire,Payment to/from Insurance Provider
2025-08,ENT102,BNK-2025-08-ENT102-0046,2025-08-02,-15667.04,GBP,Microsoft Corp,Wire,Payment to/from Oracle Corporation
2025-08,ENT102,BNK-2025-08-ENT102-0047,2025-08-23,-7049.37,GBP,Oracle Corporation,ACH,Payment to/from Office Lease Corp
2025-08,ENT102,BNK-2025-08-ENT102-0048,2025-08-02,4830.53,GBP,Tax Authority,ACH,Payment to/from Utility Company
2025-08,ENT102,BNK-2025-08-ENT102-0049,2025-08-17,-2866.76,GBP,Office Lease Corp,ACH,Payment to/from Oracle Corporation
2025-08,ENT102,BNK-2025-08-ENT102-0050,2025-08-11,-3775.35,GBP,Microsoft Corp,ACH,Payment to/from Salesforce Inc
2025-08,ENT102,BNK-2025-08-ENT102-0051,2025-08-21,10883.7,GBP,Insurance Provider,Wire,Payment to/from Payroll Services Inc
2025-08,ENT102,BNK-2025-08-ENT102-0052,2025-08-22,-7611.97,GBP,Google LLC,ACH,Payment to/from Adobe Systems
2025-08,ENT102,BNK-2025-08-ENT102-0053,2025-08-05,-8791.26,GBP,Payroll Services Inc,ACH,Payment to/from Microsoft Corp
2025-08,ENT102,BNK-2025-08-ENT102-0054,2025-08-17,3382.28,GBP,Insurance Provider,ACH,Payment to/from Insurance Provider
2025-08,ENT102,BNK-2025-08-ENT102-0055,2025-08-21,-7147.28,GBP,Utility Company,ACH,Payment to/from Utility Company
2025-08,ENT102,BNK-2025-08-ENT102-0056,2025-08-25,-18609.65,GBP,Adobe Systems,Wire,Payment to/from Salesforce Inc
2025-08,ENT102,BNK-2025-08-ENT102-0057,2025-08-12,-3505.0,GBP,Salesforce Inc,ACH,Payment to/from SAP SE
2025-08,ENT102,BNK-2025-08-ENT102-0058,2025-08-17,-3429.7,GBP,Office Lease Corp,ACH,Payment to/from Utility Company
2025-08,ENT102,BNK-2025-08-ENT102-0059,2025-08-16,-5249.7,GBP,Payroll Services Inc,ACH,Payment to/from Salesforce Inc
2025-08,ENT102,BNK-2025-08-ENT102-0060,2025-08-06,-9595.55,GBP,Payroll Services Inc,ACH,Payment to/from Utility Company
2025-08,ENT102,BNK-2025-08-ENT102-0061,2025-08-27,-13392.11,GBP,Office Lease Corp,Wire,Payment to/from Utility Company
2025-08,ENT102,BNK-2025-08-ENT102-0062,2025-08-21,-11375.47,GBP,Adobe Systems,Wire,Payment to/from Utility Company
2025-08,ENT102,BNK-2025-08-ENT102-0063,2025-08-27,11811.22,GBP,Adobe Systems,Wire,Payment to/from Google LLC
2025-08,ENT102,BNK-2025-08-ENT102-0064,2025-08-07,-6074.16,GBP,Microsoft Corp,ACH,Payment to/from Payroll Services Inc
2025-08,ENT102,BNK-2025-08-ENT102-0065,2025-08-02,6069.4,GBP,Salesforce Inc,ACH,Payment to/from Oracle Corporation
2025-08,ENT102,BNK-2025-08-ENT102-0066,2025-08-24,-634.98,GBP,Microsoft Corp,ACH,Payment to/from Amazon Web Services
2025-08,ENT102,BNK-2025-08-ENT102-0067,2025-08-18,-1911.44,GBP,Microsoft Corp,ACH,Payment to/from Office Lease Corp
2025-08,ENT102,BNK-2025-08-ENT102-0068,2025-08-13,-372.82,GBP,Google LLC,ACH,Payment to/from Salesforce Inc
2025-08,ENT102,BNK-2025-08-ENT102-0069,2025-08-25,49744.29,GBP,Office Lease Corp,Wire,Payment to/from Utility Company
2025-08,ENT102,BNK-2025-08-ENT102-0070,2025-08-01,-3686.95,GBP,Microsoft Corp,ACH,Payment to/from Salesforce Inc
2025-08,ENT102,BNK-2025-08-ENT102-0071,2025-08-05,-11142.06,GBP,Utility Company,Wire,Payment to/from Microsoft Corp
2025-08,ENT102,BNK-2025-08-ENT102-0072,2025-08-15,-4409.31,GBP,Microsoft Corp,ACH,Payment to/from Utility Company
2025-08,ENT102,BNK-2025-08-ENT102-0073,2025-08-11,-12624.94,GBP,Google LLC,Wire,Payment to/from Utility Company
2025-08,ENT102,BNK-2025-08-ENT102-0074,2025-08-08,-5396.7,GBP,Amazon Web Services,ACH,Payment to/from SAP SE
2025-08,ENT102,BNK-2025-08-ENT102-0075,2025-08-26,-1345.67,GBP,Utility Company,ACH,Payment to/from Microsoft Corp
