period,entity,bank_txn_id,date,amount_local,amount_usd,currency,counterparty,transaction_type,description,reference,amount,suspicious_timing,kiting_risk,cash_lapping_risk,unusual_counterparty,velocity_anomaly
2025-08,ENT100,BNK070000,2025-08-01,24951.87,24951.87,USD,Google,Check,Check - Google,REF597635,24951.87,True,False,False,False,False
2025-08,ENT100,BNK070001,2025-08-19,-55582.04,-55582.04,USD,Apple,ACH Debit,ACH Debit - Apple,REF885342,-55582.04,False,False,False,False,False
2025-08,ENT100,BNK070002,2025-08-27,-69196.2,-69196.2,USD,Unknown Counterparty,ACH Debit,UNMATCHED - ACH Debit,REF152062,-69196.2,False,False,False,False,False
2025-08,ENT100,BNK070003,2025-08-06,85528.31,85528.31,USD,Google,ACH Credit,ACH Credit - Google,REF810614,85528.31,False,False,False,False,False
2025-08,ENT100,BNK070004,2025-08-07,27639.27,27639.27,USD,Microsoft,Check,Check - Microsoft,REF597126,27639.27,False,False,False,False,False
2025-08,ENT100,BNK070005,2025-08-30,14099.09,14099.09,USD,Microsoft,ACH Credit,ACH Credit - Microsoft,REF334639,14099.09,False,False,False,False,False
2025-08,ENT100,BNK070006,2025-08-09,-61226.04,-61226.04,USD,Apple,ACH Debit,ACH Debit - Apple,REF544393,-61226.04,False,False,False,False,False
2025-08,ENT100,BNK070007,2025-08-29,-38271.07,-38271.07,USD,Google,ACH Debit,ACH Debit - Google,REF589368,-38271.07,False,False,False,True,False
2025-08,ENT100,BNK070008,2025-08-10,68042.42,68042.42,USD,Microsoft,Fee,Fee - Microsoft,REF107704,68042.42,False,False,False,False,False
2025-08,ENT100,BNK070009,2025-08-17,-99943.51,-99943.51,USD,Apple,ACH Debit,ACH Debit - Apple,REF412974,-99943.51,False,False,False,False,False
2025-08,ENT100,BNK070010,2025-08-22,11702.35,11702.35,USD,Apple,Wire Transfer,Wire Transfer - Apple,REF771712,11702.35,False,False,False,False,False
2025-08,ENT100,BNK070011,2025-08-11,-86287.67,-86287.67,USD,Apple,ACH Debit,ACH Debit - Apple,REF297509,-86287.67,False,False,False,False,False
2025-08,ENT100,BNK070012,2025-08-05,52212.06,52212.06,USD,Customer Payment,ACH Credit,ACH Credit - Customer Payment,REF792616,52212.06,False,False,False,False,False
2025-08,ENT100,BNK070013,2025-08-11,68394.82,68394.82,USD,Unknown Counterparty,Interest,UNMATCHED - Interest,REF621533,68394.82,False,False,False,False,False
2025-08,ENT100,BNK070014,2025-08-10,26683.2,26683.2,USD,Microsoft,Check,Check - Microsoft,REF711344,26683.2,False,False,False,False,False
2025-08,ENT100,BNK070015,2025-08-23,99480.62,99480.62,USD,Google,ACH Credit,ACH Credit - Google,REF819656,99480.62,False,False,False,False,False
2025-08,ENT100,BNK070016,2025-08-18,64193.05,64193.05,USD,Apple,Check,Check - Apple,REF631958,64193.05,False,False,False,False,False
2025-08,ENT100,BNK070017,2025-08-10,84696.51,84696.51,USD,Google,Interest,Interest - Google,REF408054,84696.51,False,False,False,False,False
2025-08,ENT100,BNK070018,2025-08-04,47607.31,47607.31,USD,Google,Interest,Interest - Google,REF812730,47607.31,False,False,False,False,False
2025-08,ENT100,BNK070019,2025-08-29,34227.61,34227.61,USD,Google,Wire Transfer,Wire Transfer - Google,REF880360,34227.61,True,False,False,False,False
2025-08,ENT100,BNK070020,2025-08-28,-31401.44,-31401.44,USD,Apple,ACH Debit,ACH Debit - Apple,REF586288,-31401.44,False,False,False,False,False
2025-08,ENT100,BNK070021,2025-08-28,12660.37,12660.37,USD,Microsoft,Wire Transfer,Wire Transfer - Microsoft,REF595158,12660.37,False,False,False,True,False
2025-08,ENT100,BNK070022,2025-08-29,20259.84,20259.84,USD,Customer Payment,Wire Transfer,Wire Transfer - Customer Payment,REF655575,20259.84,False,False,False,False,False
2025-08,ENT100,BNK070023,2025-08-10,41897.62,41897.62,USD,Unknown Counterparty,ACH Credit,UNMATCHED - ACH Credit,REF310026,41897.62,False,False,False,False,False
2025-08,ENT100,BNK070024,2025-08-11,41509.99,41509.99,USD,Customer Payment,Fee,Fee - Customer Payment,REF250181,41509.99,False,False,False,False,False
2025-08,ENT100,BNK070025,2025-08-11,86377.0,86377.0,USD,Customer Payment,ACH Credit,ACH Credit - Customer Payment,REF448787,86377.0,False,False,False,False,False
2025-08,ENT100,BNK070026,2025-08-21,-98677.4,-98677.4,USD,Microsoft,ACH Debit,ACH Debit - Microsoft,REF574012,-98677.4,False,False,False,False,False
2025-08,ENT100,BNK070027,2025-08-09,21728.85,21728.85,USD,Google,ACH Credit,ACH Credit - Google,REF613358,21728.85,False,False,False,False,False
2025-08,ENT100,BNK070028,2025-08-26,76593.35,76593.35,USD,Unknown Counterparty,Wire Transfer,UNMATCHED - Wire Transfer,REF554779,76593.35,False,False,False,False,False
2025-08,ENT100,BNK070029,2025-08-21,43511.56,43511.56,USD,Customer Payment,Check,Check - Customer Payment,REF104895,43511.56,False,False,False,False,False
2025-08,ENT100,BNK070030,2025-08-02,53844.48,53844.48,USD,Microsoft,Interest,Interest - Microsoft,REF437864,53844.48,False,False,False,False,False
2025-08,ENT100,BNK070031,2025-08-25,83489.64,83489.64,USD,Unknown Counterparty,ACH Credit,UNMATCHED - ACH Credit,REF104324,83489.64,False,False,False,False,False
2025-08,ENT100,BNK070032,2025-08-21,73626.72,73626.72,USD,Apple,ACH Credit,ACH Credit - Apple,REF427252,73626.72,False,False,False,True,False
2025-08,ENT100,BNK070033,2025-08-05,11168.11,11168.11,USD,Google,Fee,Fee - Google,REF168458,11168.11,False,False,False,False,False
2025-08,ENT100,BNK070034,2025-08-27,-5526.12,-5526.12,USD,Apple,ACH Debit,ACH Debit - Apple,REF554730,-5526.12,False,False,False,False,False
2025-08,ENT100,BNK070035,2025-08-29,68991.24,68991.24,USD,Customer Payment,ACH Credit,ACH Credit - Customer Payment,REF476701,68991.24,False,False,False,False,False
2025-08,ENT100,BNK070036,2025-08-25,19654.18,19654.18,USD,Unknown Counterparty,Check,UNMATCHED - Check,REF335217,19654.18,False,False,False,False,False
2025-08,ENT100,BNK070037,2025-08-24,98503.07,98503.07,USD,Google,ACH Credit,ACH Credit - Google,REF229144,98503.07,False,False,False,False,False
2025-08,ENT100,BNK070038,2025-08-12,71399.9,71399.9,USD,Apple,Wire Transfer,Wire Transfer - Apple,REF908713,71399.9,False,False,False,False,False
2025-08,ENT100,BNK070039,2025-08-18,62690.34,62690.34,USD,Microsoft,Fee,Fee - Microsoft,REF785315,62690.34,False,False,False,False,False
2025-08,ENT100,BNK070040,2025-08-27,2954.43,2954.43,USD,Unknown Counterparty,Interest,UNMATCHED - Interest,REF565897,2954.43,False,False,False,False,False
2025-08,ENT100,BNK070041,2025-08-13,-13235.91,-13235.91,USD,Google,ACH Debit,ACH Debit - Google,REF315477,-13235.91,False,False,False,False,False
2025-08,ENT100,BNK070042,2025-08-23,68888.26,68888.26,USD,Microsoft,Wire Transfer,Wire Transfer - Microsoft,REF794663,68888.26,False,False,False,False,False
2025-08,ENT100,BNK070043,2025-08-17,27727.74,27727.74,USD,Customer Payment,Fee,Fee - Customer Payment,REF971002,27727.74,False,False,False,False,False
2025-08,ENT100,BNK070044,2025-08-29,11386.51,11386.51,USD,Apple,Interest,Interest - Apple,REF219550,11386.51,False,False,False,False,False
2025-08,ENT100,BNK070045,2025-08-26,11520.11,11520.11,USD,Apple,ACH Credit,ACH Credit - Apple,REF971889,11520.11,False,False,False,False,False
2025-08,ENT100,BNK070046,2025-08-17,-97338.85,-97338.85,USD,Apple,ACH Debit,ACH Debit - Apple,REF268163,-97338.85,False,False,False,False,False
2025-08,ENT100,BNK070047,2025-08-02,55265.74,55265.74,USD,Customer Payment,ACH Credit,ACH Credit - Customer Payment,REF446663,55265.74,False,False,False,False,False
2025-08,ENT100,BNK070048,2025-08-08,1271.06,1271.06,USD,Unknown Counterparty,Interest,UNMATCHED - Interest,REF215795,1271.06,False,False,False,False,False
2025-08,ENT100,BNK070049,2025-08-27,57841.12,57841.12,USD,Unknown Counterparty,Check,UNMATCHED - Check,REF194458,57841.12,False,False,False,False,False
2025-08,ENT100,BNK070050,2025-08-25,51658.83,51658.83,USD,Apple,Interest,Interest - Apple,REF775636,51658.83,False,False,False,False,False
2025-08,ENT100,BNK070051,2025-08-08,-46218.37,-46218.37,USD,Microsoft,ACH Debit,ACH Debit - Microsoft,REF204657,-46218.37,False,False,False,False,False
2025-08,ENT100,BNK070052,2025-08-27,18295.48,18295.48,USD,Apple,Wire Transfer,Wire Transfer - Apple,REF940534,18295.48,False,False,False,False,False
2025-08,ENT100,BNK070053,2025-08-22,31958.0,31958.0,USD,Unknown Counterparty,Interest,UNMATCHED - Interest,REF992596,31958.0,False,False,False,False,False
2025-08,ENT100,BNK070054,2025-08-25,89138.91,89138.91,USD,Google,Wire Transfer,Wire Transfer - Google,REF444625,89138.91,False,False,False,False,False
2025-08,ENT100,BNK070055,2025-08-12,89558.23,89558.23,USD,Microsoft,Fee,Fee - Microsoft,REF490722,89558.23,False,False,False,False,True
2025-08,ENT100,BNK070056,2025-08-27,34929.55,34929.55,USD,Customer Payment,Wire Transfer,Wire Transfer - Customer Payment,REF385037,34929.55,False,False,False,False,False
2025-08,ENT100,BNK070057,2025-08-27,39185.83,39185.83,USD,Google,Check,Check - Google,REF218548,39185.83,False,False,False,False,False
2025-08,ENT100,BNK070058,2025-08-05,69920.82,69920.82,USD,Google,Wire Transfer,Wire Transfer - Google,REF208751,69920.82,False,False,False,False,False
2025-08,ENT100,BNK070059,2025-08-14,91211.45,91211.45,USD,Customer Payment,Check,Check - Customer Payment,REF290065,91211.45,True,False,False,False,False
2025-08,ENT100,BNK070060,2025-08-20,-38595.33,-38595.33,USD,Google,ACH Debit,ACH Debit - Google,REF606545,-38595.33,False,False,False,True,False
2025-08,ENT100,BNK070061,2025-08-30,49324.15,49324.15,USD,Microsoft,Check,Check - Microsoft,REF374320,49324.15,False,False,False,False,False
2025-08,ENT100,BNK070062,2025-08-21,32109.56,32109.56,USD,Google,Interest,Interest - Google,REF802382,32109.56,False,False,False,False,False
2025-08,ENT100,BNK070063,2025-08-28,34491.76,34491.76,USD,Microsoft,Fee,Fee - Microsoft,REF553873,34491.76,False,False,False,False,False
2025-08,ENT100,BNK070064,2025-08-22,72938.54,72938.54,USD,Customer Payment,Check,Check - Customer Payment,REF255875,72938.54,False,False,False,False,False
2025-08,ENT100,BNK070065,2025-08-27,82817.34,82817.34,USD,Unknown Counterparty,Fee,UNMATCHED - Fee,REF774652,82817.34,False,False,False,True,False
2025-08,ENT100,BNK070066,2025-08-30,16535.81,16535.81,USD,Google,Check,Check - Google,REF178501,16535.81,False,False,False,False,False
2025-08,ENT100,BNK070067,2025-08-25,49673.15,49673.15,USD,Apple,ACH Credit,ACH Credit - Apple,REF152796,49673.15,False,False,False,False,False
2025-08,ENT100,BNK070068,2025-08-17,23047.95,23047.95,USD,Google,Interest,Interest - Google,REF182659,23047.95,False,False,False,False,False
2025-08,ENT100,BNK070069,2025-08-15,44974.7,44974.7,USD,Customer Payment,Fee,Fee - Customer Payment,REF568784,44974.7,False,False,False,True,False
2025-08,ENT100,BNK070070,2025-08-11,12751.98,12751.98,USD,Microsoft,Check,Check - Microsoft,REF207629,12751.98,False,True,False,False,False
2025-08,ENT100,BNK070071,2025-08-13,41821.52,41821.52,USD,Microsoft,Fee,Fee - Microsoft,REF930244,41821.52,False,False,False,False,False
2025-08,ENT100,BNK070072,2025-08-20,96353.95,96353.95,USD,Google,Interest,Interest - Google,REF786393,96353.95,False,False,False,True,False
2025-08,ENT100,BNK070073,2025-08-22,-46164.58,-46164.58,USD,Microsoft,ACH Debit,ACH Debit - Microsoft,REF956255,-46164.58,False,False,False,False,False
2025-08,ENT100,BNK070074,2025-08-08,-84587.43,-84587.43,USD,Customer Payment,ACH Debit,ACH Debit - Customer Payment,REF851470,-84587.43,False,False,False,False,False
2025-08,ENT100,BNK070075,2025-08-22,36966.16,36966.16,USD,Unknown Counterparty,Check,UNMATCHED - Check,REF896204,36966.16,False,False,False,False,False
2025-08,ENT100,BNK070076,2025-08-22,-22952.96,-22952.96,USD,Apple,ACH Debit,ACH Debit - Apple,REF674295,-22952.96,False,False,False,False,False
2025-08,ENT100,BNK070077,2025-08-17,38015.15,38015.15,USD,Unknown Counterparty,Wire Transfer,UNMATCHED - Wire Transfer,REF272129,38015.15,False,False,False,False,False
2025-08,ENT100,BNK070078,2025-08-16,14904.47,14904.47,USD,Customer Payment,Interest,Interest - Customer Payment,REF212157,14904.47,False,False,False,False,False
2025-08,ENT100,BNK070079,2025-08-09,61474.32,61474.32,USD,Unknown Counterparty,ACH Credit,UNMATCHED - ACH Credit,REF993590,61474.32,False,False,False,False,False
2025-08,ENT100,BNK070080,2025-08-13,22343.36,22343.36,USD,Microsoft,ACH Credit,ACH Credit - Microsoft,REF893928,22343.36,False,True,False,False,False
2025-08,ENT100,BNK070081,2025-08-14,5603.54,5603.54,USD,Microsoft,Interest,Interest - Microsoft,REF909652,5603.54,False,False,False,False,False
2025-08,ENT100,BNK070082,2025-08-29,45599.96,45599.96,USD,Google,Interest,Interest - Google,REF623059,45599.96,False,False,False,False,False
2025-08,ENT100,BNK070083,2025-08-01,53506.07,53506.07,USD,Customer Payment,Wire Transfer,Wire Transfer - Customer Payment,REF979562,53506.07,False,False,False,False,False
2025-08,ENT100,BNK070084,2025-08-19,48810.26,48810.26,USD,Google,Fee,Fee - Google,REF825423,48810.26,False,False,False,False,False
2025-08,ENT100,BNK070085,2025-08-19,18191.38,18191.38,USD,Unknown Counterparty,ACH Credit,UNMATCHED - ACH Credit,REF789461,18191.38,False,False,False,False,False
2025-08,ENT100,BNK070086,2025-08-20,-61009.92,-61009.92,USD,Customer Payment,ACH Debit,ACH Debit - Customer Payment,REF539001,-61009.92,False,False,False,False,False
2025-08,ENT100,BNK070087,2025-08-20,91675.11,91675.11,USD,Apple,ACH Credit,ACH Credit - Apple,REF408463,91675.11,False,True,False,False,False
2025-08,ENT100,BNK070088,2025-08-15,80674.89,80674.89,USD,Apple,ACH Credit,ACH Credit - Apple,REF984027,80674.89,False,False,False,False,False
2025-08,ENT100,BNK070089,2025-08-23,-55232.79,-55232.79,USD,Google,ACH Debit,ACH Debit - Google,REF310647,-55232.79,False,False,False,False,False
2025-08,ENT100,BNK070090,2025-08-07,-62792.59,-62792.59,USD,Google,ACH Debit,ACH Debit - Google,REF844904,-62792.59,False,False,False,False,False
2025-08,ENT100,BNK070091,2025-08-21,97542.77,97542.77,USD,Apple,ACH Credit,ACH Credit - Apple,REF844858,97542.77,False,False,False,False,False
2025-08,ENT100,BNK070092,2025-08-04,76316.73,76316.73,USD,Customer Payment,Fee,Fee - Customer Payment,REF806995,76316.73,False,False,False,False,False
2025-08,ENT100,BNK070093,2025-08-24,89492.73,89492.73,USD,Customer Payment,Fee,Fee - Customer Payment,REF947568,89492.73,False,False,False,False,False
2025-08,ENT100,BNK070094,2025-08-01,52750.27,52750.27,USD,Microsoft,Wire Transfer,Wire Transfer - Microsoft,REF802812,52750.27,False,False,False,False,False
2025-08,ENT100,BNK070095,2025-08-02,20790.34,20790.34,USD,Apple,ACH Credit,ACH Credit - Apple,REF253541,20790.34,False,False,False,False,False
2025-08,ENT100,BNK070096,2025-08-27,-7141.25,-7141.25,USD,Microsoft,ACH Debit,ACH Debit - Microsoft,REF476105,-7141.25,False,False,False,False,True
2025-08,ENT100,BNK070097,2025-08-27,45806.86,45806.86,USD,Google,Fee,Fee - Google,REF878476,45806.86,False,False,False,False,False
2025-08,ENT100,BNK070098,2025-08-21,56565.78,56565.78,USD,Apple,ACH Credit,ACH Credit - Apple,REF826596,56565.78,False,False,False,False,False
2025-08,ENT100,BNK070099,2025-08-22,5651.01,5651.01,USD,Apple,Check,Check - Apple,REF678944,5651.01,False,False,False,False,True
2025-08,ENT100,BNK070100,2025-08-02,-2283.56,-2283.56,USD,Customer Payment,ACH Debit,ACH Debit - Customer Payment,REF970300,-2283.56,False,False,False,False,False
2025-08,ENT100,BNK070101,2025-08-08,91237.15,91237.15,USD,Apple,Interest,Interest - Apple,REF891787,91237.15,False,False,False,False,False
2025-08,ENT100,BNK070102,2025-08-19,55114.9,55114.9,USD,Google,Fee,Fee - Google,REF408467,55114.9,False,False,False,False,False
2025-08,ENT100,BNK070103,2025-08-15,18565.16,18565.16,USD,Unknown Counterparty,Interest,UNMATCHED - Interest,REF282237,18565.16,False,False,False,False,False
2025-08,ENT100,BNK070104,2025-08-24,51870.84,51870.84,USD,Unknown Counterparty,Check,UNMATCHED - Check,REF392670,51870.84,False,False,False,False,False
2025-08,ENT100,BNK070105,2025-08-18,27159.72,27159.72,USD,Apple,ACH Credit,ACH Credit - Apple,REF105919,27159.72,False,False,False,False,False
2025-08,ENT100,BNK070106,2025-08-11,47166.8,47166.8,USD,Unknown Counterparty,ACH Credit,UNMATCHED - ACH Credit,REF438302,47166.8,False,False,False,False,False
2025-08,ENT100,BNK070107,2025-08-20,6034.69,6034.69,USD,Apple,Interest,Interest - Apple,REF614379,6034.69,False,False,False,False,False
2025-08,ENT100,BNK070108,2025-08-26,-57695.02,-57695.02,USD,Unknown Counterparty,ACH Debit,UNMATCHED - ACH Debit,REF842057,-57695.02,False,False,False,False,False
2025-08,ENT100,BNK070109,2025-08-11,53014.11,53014.11,USD,Google,ACH Credit,ACH Credit - Google,REF536135,53014.11,False,False,False,False,False
2025-08,ENT100,BNK070110,2025-08-18,54166.56,54166.56,USD,Google,Wire Transfer,Wire Transfer - Google,REF795556,54166.56,False,False,False,False,False
2025-08,ENT100,BNK070111,2025-08-11,-33775.59,-33775.59,USD,Customer Payment,ACH Debit,ACH Debit - Customer Payment,REF688602,-33775.59,False,False,False,False,False
2025-08,ENT100,BNK070112,2025-08-27,75461.24,75461.24,USD,Unknown Counterparty,Interest,UNMATCHED - Interest,REF801432,75461.24,False,False,False,False,False
2025-08,ENT100,BNK070113,2025-08-12,45121.06,45121.06,USD,Google,Interest,Interest - Google,REF141814,45121.06,False,False,False,False,False
2025-08,ENT100,BNK070114,2025-08-22,88680.36,88680.36,USD,Microsoft,Check,Check - Microsoft,REF504620,88680.36,True,False,False,False,False
2025-08,ENT100,BNK070115,2025-08-09,-54483.49,-54483.49,USD,Unknown Counterparty,ACH Debit,UNMATCHED - ACH Debit,REF641975,-54483.49,False,False,False,False,False
2025-08,ENT100,BNK070116,2025-08-27,77278.94,77278.94,USD,Customer Payment,Fee,Fee - Customer Payment,REF610451,77278.94,False,False,False,False,False
2025-08,ENT100,BNK070117,2025-08-02,30346.96,30346.96,USD,Microsoft,Interest,Interest - Microsoft,REF200617,30346.96,False,False,False,False,False
2025-08,ENT100,BNK070118,2025-08-06,97191.25,97191.25,USD,Microsoft,Fee,Fee - Microsoft,REF321020,97191.25,False,False,False,False,False
2025-08,ENT100,BNK070119,2025-08-22,63321.93,63321.93,USD,Customer Payment,ACH Credit,ACH Credit - Customer Payment,REF976258,63321.93,False,False,False,False,False
2025-08,ENT100,BNK070120,2025-08-04,21352.38,21352.38,USD,Customer Payment,Interest,Interest - Customer Payment,REF777968,21352.38,False,False,False,False,False
2025-08,ENT100,BNK070121,2025-08-27,94035.36,94035.36,USD,Microsoft,Interest,Interest - Microsoft,REF581532,94035.36,False,False,False,False,False
2025-08,ENT100,BNK070122,2025-08-23,33839.82,33839.82,USD,Unknown Counterparty,Wire Transfer,UNMATCHED - Wire Transfer,REF286638,33839.82,False,False,False,False,False
2025-08,ENT100,BNK070123,2025-08-26,25938.89,25938.89,USD,Google,Wire Transfer,Wire Transfer - Google,REF371212,25938.89,False,False,False,True,False
2025-08,ENT100,BNK070124,2025-08-14,39415.23,39415.23,USD,Apple,Interest,Interest - Apple,REF117711,39415.23,False,False,False,False,False
2025-08,ENT100,BNK070125,2025-08-13,67656.57,67656.57,USD,Unknown Counterparty,Fee,UNMATCHED - Fee,REF855274,67656.57,False,False,False,False,False
2025-08,ENT100,BNK070126,2025-08-20,7260.52,7260.52,USD,Microsoft,Interest,Interest - Microsoft,REF475075,7260.52,False,False,False,False,False
2025-08,ENT100,BNK070127,2025-08-30,-50780.86,-50780.86,USD,Apple,ACH Debit,ACH Debit - Apple,REF736030,-50780.86,False,False,False,False,False
2025-08,ENT100,BNK070128,2025-08-03,28870.23,28870.23,USD,Microsoft,Check,Check - Microsoft,REF597012,28870.23,False,False,True,False,False
2025-08,ENT100,BNK070129,2025-08-06,53813.31,53813.31,USD,Apple,ACH Credit,ACH Credit - Apple,REF764845,53813.31,False,False,False,False,False
2025-08,ENT100,BNK070130,2025-08-05,30507.59,30507.59,USD,Microsoft,Interest,Interest - Microsoft,REF680412,30507.59,False,False,False,False,False
2025-08,ENT100,BNK070131,2025-08-28,55951.9,55951.9,USD,Unknown Counterparty,Wire Transfer,UNMATCHED - Wire Transfer,REF700538,55951.9,False,False,True,False,False
2025-08,ENT100,BNK070132,2025-08-20,40014.09,40014.09,USD,Apple,Fee,Fee - Apple,REF320256,40014.09,False,False,False,False,False
2025-08,ENT100,BNK070133,2025-08-24,74401.62,74401.62,USD,Customer Payment,Interest,Interest - Customer Payment,REF777308,74401.62,False,False,False,False,False
2025-08,ENT100,BNK070134,2025-08-28,51742.72,51742.72,USD,Apple,ACH Credit,ACH Credit - Apple,REF303765,51742.72,False,False,False,False,False
2025-08,ENT100,BNK070135,2025-08-04,18954.44,18954.44,USD,Customer Payment,Fee,Fee - Customer Payment,REF775990,18954.44,False,False,False,False,True
2025-08,ENT100,BNK070136,2025-08-18,8241.31,8241.31,USD,Unknown Counterparty,Interest,UNMATCHED - Interest,REF202972,8241.31,False,False,False,False,False
2025-08,ENT100,BNK070137,2025-08-07,72833.34,72833.34,USD,Apple,Check,Check - Apple,REF234443,72833.34,False,False,False,False,False
2025-08,ENT100,BNK070138,2025-08-22,65891.83,65891.83,USD,Microsoft,Wire Transfer,Wire Transfer - Microsoft,REF302897,65891.83,False,False,False,False,False
2025-08,ENT100,BNK070139,2025-08-11,-49100.26,-49100.26,USD,Apple,ACH Debit,ACH Debit - Apple,REF827143,-49100.26,False,False,False,False,False
2025-08,ENT100,BNK070140,2025-08-19,16087.1,16087.1,USD,Apple,Fee,Fee - Apple,REF549112,16087.1,False,False,False,False,False
2025-08,ENT100,BNK070141,2025-08-06,1478.36,1478.36,USD,Customer Payment,ACH Credit,ACH Credit - Customer Payment,REF390119,1478.36,False,False,False,False,False
2025-08,ENT100,BNK070142,2025-08-27,36589.11,36589.11,USD,Customer Payment,Interest,Interest - Customer Payment,REF585331,36589.11,False,False,False,False,False
2025-08,ENT100,BNK070143,2025-08-15,-36515.42,-36515.42,USD,Microsoft,ACH Debit,ACH Debit - Microsoft,REF284308,-36515.42,False,False,False,False,False
2025-08,ENT100,BNK070144,2025-08-21,-61056.14,-61056.14,USD,Google,ACH Debit,ACH Debit - Google,REF664781,-61056.14,False,False,False,False,False
2025-08,ENT100,BNK070145,2025-08-07,27060.23,27060.23,USD,Unknown Counterparty,Interest,UNMATCHED - Interest,REF179062,27060.23,False,False,False,False,False
2025-08,ENT100,BNK070146,2025-08-29,2844.4,2844.4,USD,Customer Payment,Fee,Fee - Customer Payment,REF906564,2844.4,False,False,False,False,False
2025-08,ENT100,BNK070147,2025-08-19,22063.31,22063.31,USD,Customer Payment,Wire Transfer,Wire Transfer - Customer Payment,REF785672,22063.31,False,False,False,False,False
2025-08,ENT100,BNK070148,2025-08-25,15714.67,15714.67,USD,Apple,Check,Check - Apple,REF240384,15714.67,False,False,False,False,False
2025-08,ENT100,BNK070149,2025-08-15,50611.19,50611.19,USD,Microsoft,Wire Transfer,Wire Transfer - Microsoft,REF794868,50611.19,False,False,False,False,False
2025-08,ENT100,BNK070150,2025-08-08,84950.2,84950.2,USD,Google,Fee,Fee - Google,REF567896,84950.2,False,False,False,False,False
2025-08,ENT100,BNK070151,2025-08-06,18735.37,18735.37,USD,Google,Fee,Fee - Google,REF871667,18735.37,False,False,False,False,False
2025-08,ENT100,BNK070152,2025-08-24,-48866.84,-48866.84,USD,Unknown Counterparty,ACH Debit,UNMATCHED - ACH Debit,REF898461,-48866.84,False,False,False,False,False
2025-08,ENT100,BNK070153,2025-08-16,-23943.24,-23943.24,USD,Microsoft,ACH Debit,ACH Debit - Microsoft,REF801062,-23943.24,False,False,False,False,False
2025-08,ENT100,BNK070154,2025-08-07,-52270.64,-52270.64,USD,Customer Payment,ACH Debit,ACH Debit - Customer Payment,REF148693,-52270.64,False,False,False,False,False
2025-08,ENT100,BNK070155,2025-08-02,-98078.39,-98078.39,USD,Unknown Counterparty,ACH Debit,UNMATCHED - ACH Debit,REF646699,-98078.39,False,False,False,False,False
2025-08,ENT100,BNK070156,2025-08-21,83135.07,83135.07,USD,Google,Interest,Interest - Google,REF494956,83135.07,True,False,False,False,False
2025-08,ENT100,BNK070157,2025-08-21,38473.33,38473.33,USD,Microsoft,Fee,Fee - Microsoft,REF641760,38473.33,False,False,False,False,False
2025-08,ENT100,BNK070158,2025-08-09,38256.55,38256.55,USD,Apple,ACH Credit,ACH Credit - Apple,REF956934,38256.55,False,False,False,False,False
2025-08,ENT100,BNK070159,2025-08-28,35158.2,35158.2,USD,Microsoft,Check,Check - Microsoft,REF626214,35158.2,False,False,False,False,False
2025-08,ENT100,BNK070160,2025-08-29,14757.86,14757.86,USD,Apple,ACH Credit,ACH Credit - Apple,REF321791,14757.86,False,False,False,False,False
2025-08,ENT100,BNK070161,2025-08-05,-19503.66,-19503.66,USD,Microsoft,ACH Debit,ACH Debit - Microsoft,REF793223,-19503.66,False,False,False,False,False
2025-08,ENT100,BNK070162,2025-08-08,-42046.75,-42046.75,USD,Customer Payment,ACH Debit,ACH Debit - Customer Payment,REF808029,-42046.75,False,False,False,False,False
2025-08,ENT100,BNK070163,2025-08-16,48423.1,48423.1,USD,Customer Payment,Fee,Fee - Customer Payment,REF123536,48423.1,False,False,False,False,False
2025-08,ENT100,BNK070164,2025-08-08,5271.29,5271.29,USD,Google,Fee,Fee - Google,REF760120,5271.29,False,False,False,False,False
2025-08,ENT100,BNK070165,2025-08-17,4879.9,4879.9,USD,Unknown Counterparty,Fee,UNMATCHED - Fee,REF274421,4879.9,True,False,False,False,False
2025-08,ENT100,BNK070166,2025-08-09,92322.24,92322.24,USD,Microsoft,Fee,Fee - Microsoft,REF854500,92322.24,False,False,False,False,False
2025-08,ENT100,BNK070167,2025-08-24,-66512.76,-66512.76,USD,Google,ACH Debit,ACH Debit - Google,REF571023,-66512.76,False,False,False,False,False
2025-08,ENT100,BNK070168,2025-08-20,99284.81,99284.81,USD,Customer Payment,Check,Check - Customer Payment,REF730025,99284.81,False,False,False,False,False
2025-08,ENT100,BNK070169,2025-08-05,79666.99,79666.99,USD,Apple,ACH Credit,ACH Credit - Apple,REF275868,79666.99,False,False,True,False,False
2025-08,ENT100,BNK070170,2025-08-24,68873.53,68873.53,USD,Microsoft,Check,Check - Microsoft,REF340977,68873.53,False,False,False,False,False
2025-08,ENT100,BNK070171,2025-08-13,39160.73,39160.73,USD,Unknown Counterparty,Wire Transfer,UNMATCHED - Wire Transfer,REF648102,39160.73,False,False,False,False,False
2025-08,ENT100,BNK070172,2025-08-28,91024.58,91024.58,USD,Google,Interest,Interest - Google,REF734924,91024.58,False,False,False,False,False
2025-08,ENT100,BNK070173,2025-08-04,18564.8,18564.8,USD,Microsoft,Fee,Fee - Microsoft,REF197716,18564.8,False,False,False,False,False
2025-08,ENT100,BNK070174,2025-08-16,66279.87,66279.87,USD,Microsoft,Fee,Fee - Microsoft,REF912510,66279.87,False,False,False,False,False
2025-08,ENT100,BNK070175,2025-08-22,65273.94,65273.94,USD,Microsoft,Fee,Fee - Microsoft,REF831531,65273.94,False,False,False,False,False
2025-08,ENT100,BNK070176,2025-08-17,43466.67,43466.67,USD,Customer Payment,Check,Check - Customer Payment,REF467544,43466.67,False,False,False,False,False
2025-08,ENT100,BNK070177,2025-08-19,80657.48,80657.48,USD,Customer Payment,Interest,Interest - Customer Payment,REF240386,80657.48,False,False,False,False,False
2025-08,ENT100,BNK070178,2025-08-09,48236.98,48236.98,USD,Microsoft,ACH Credit,ACH Credit - Microsoft,REF397026,48236.98,False,False,False,False,False
2025-08,ENT100,BNK070179,2025-08-20,87799.87,87799.87,USD,Microsoft,Check,Check - Microsoft,REF843596,87799.87,False,False,False,False,False
2025-08,ENT100,BNK070180,2025-08-24,79152.83,79152.83,USD,Microsoft,Fee,Fee - Microsoft,REF493247,79152.83,False,False,False,False,False
2025-08,ENT100,BNK070181,2025-08-21,-21336.45,-21336.45,USD,Microsoft,ACH Debit,ACH Debit - Microsoft,REF262297,-21336.45,False,False,False,False,False
2025-08,ENT100,BNK070182,2025-08-14,-65506.02,-65506.02,USD,Customer Payment,ACH Debit,ACH Debit - Customer Payment,REF692099,-65506.02,False,False,False,False,False
2025-08,ENT100,BNK070183,2025-08-12,61576.19,61576.19,USD,Google,Interest,Interest - Google,REF533301,61576.19,False,False,False,False,False
2025-08,ENT100,BNK070184,2025-08-18,78595.05,78595.05,USD,Customer Payment,Check,Check - Customer Payment,REF366105,78595.05,False,False,False,False,False
2025-08,ENT100,BNK070185,2025-08-10,58187.46,58187.46,USD,Google,Interest,Interest - Google,REF996531,58187.46,False,False,False,False,False
2025-08,ENT100,BNK070186,2025-08-28,66269.0,66269.0,USD,Google,Interest,Interest - Google,REF205149,66269.0,False,False,False,False,False
2025-08,ENT100,BNK070187,2025-08-07,-51326.01,-51326.01,USD,Microsoft,ACH Debit,ACH Debit - Microsoft,REF268546,-51326.01,False,False,False,False,False
2025-08,ENT100,BNK070188,2025-08-13,96492.45,96492.45,USD,Google,Wire Transfer,Wire Transfer - Google,REF594580,96492.45,False,False,False,False,False
2025-08,ENT100,BNK070189,2025-08-30,60424.3,60424.3,USD,Unknown Counterparty,Wire Transfer,UNMATCHED - Wire Transfer,REF332542,60424.3,False,False,False,False,False
2025-08,ENT100,BNK070190,2025-08-12,8923.93,8923.93,USD,Customer Payment,Wire Transfer,Wire Transfer - Customer Payment,REF743789,8923.93,False,False,False,False,False
2025-08,ENT100,BNK070191,2025-08-21,52579.55,52579.55,USD,Microsoft,Interest,Interest - Microsoft,REF911187,52579.55,False,False,False,False,False
2025-08,ENT100,BNK070192,2025-08-27,18351.84,18351.84,USD,Google,Check,Check - Google,REF991884,18351.84,False,False,False,False,False
2025-08,ENT100,BNK070193,2025-08-22,93145.09,93145.09,USD,Microsoft,Fee,Fee - Microsoft,REF922041,93145.09,False,False,False,False,False
2025-08,ENT100,BNK070194,2025-08-20,51544.24,51544.24,USD,Google,Interest,Interest - Google,REF806765,51544.24,False,False,False,False,True
2025-08,ENT100,BNK070195,2025-08-02,36614.26,36614.26,USD,Unknown Counterparty,Interest,UNMATCHED - Interest,REF265092,36614.26,False,False,False,False,False
2025-08,ENT100,BNK070196,2025-08-03,99684.9,99684.9,USD,Customer Payment,Check,Check - Customer Payment,REF525146,99684.9,False,False,False,False,False
2025-08,ENT100,BNK070197,2025-08-19,20830.73,20830.73,USD,Microsoft,Wire Transfer,Wire Transfer - Microsoft,REF194545,20830.73,False,False,False,False,False
2025-08,ENT100,BNK070198,2025-08-18,29164.88,29164.88,USD,Apple,Fee,Fee - Apple,REF464354,29164.88,False,False,False,False,False
2025-08,ENT100,BNK070199,2025-08-31,81735.97,81735.97,USD,Google,ACH Credit,ACH Credit - Google,REF576849,81735.97,False,False,False,False,False
2025-08,ENT101,BNK070200,2025-08-30,40991.69,44271.03,EUR,Customer Payment,Wire Transfer,Wire Transfer - Customer Payment,REF630829,44271.03,False,False,False,False,False
2025-08,ENT101,BNK070201,2025-08-04,56304.44,60808.8,EUR,Microsoft,Fee,Fee - Microsoft,REF941945,60808.8,False,False,False,False,False
2025-08,ENT101,BNK070202,2025-08-17,95714.23,103371.36,EUR,Apple,Fee,Fee - Apple,REF827912,103371.36,False,False,False,False,False
2025-08,ENT101,BNK070203,2025-08-15,96639.49,104370.65,EUR,Google,Fee,Fee - Google,REF894268,104370.65,True,False,False,False,False
2025-08,ENT101,BNK070204,2025-08-11,96162.63,103855.64,EUR,Microsoft,Check,Check - Microsoft,REF605382,103855.64,False,False,False,False,False
2025-08,ENT101,BNK070205,2025-08-04,26524.16,28646.09,EUR,Google,Check,Check - Google,REF809794,28646.09,False,False,True,False,False
2025-08,ENT101,BNK070206,2025-08-23,-23763.08,-25664.13,EUR,Apple,ACH Debit,ACH Debit - Apple,REF641593,-25664.13,False,False,False,False,False
2025-08,ENT101,BNK070207,2025-08-18,-1962.6,-2119.6,EUR,Microsoft,ACH Debit,ACH Debit - Microsoft,REF518309,-2119.6,False,False,False,False,False
2025-08,ENT101,BNK070208,2025-08-22,-75130.03,-81140.43,EUR,Unknown Counterparty,ACH Debit,UNMATCHED - ACH Debit,REF287155,-81140.43,False,False,False,False,False
2025-08,ENT101,BNK070209,2025-08-16,32073.41,34639.28,EUR,Apple,ACH Credit,ACH Credit - Apple,REF291663,34639.28,False,False,False,False,False
2025-08,ENT101,BNK070210,2025-08-31,74869.47,80859.03,EUR,Google,ACH Credit,ACH Credit - Google,REF346269,80859.03,False,False,False,False,False
2025-08,ENT101,BNK070211,2025-08-24,-24963.6,-26960.68,EUR,Google,ACH Debit,ACH Debit - Google,REF975498,-26960.68,False,False,False,False,False
2025-08,ENT101,BNK070212,2025-08-08,-83797.14,-90500.91,EUR,Microsoft,ACH Debit,ACH Debit - Microsoft,REF225701,-90500.91,False,False,False,False,False
2025-08,ENT101,BNK070213,2025-08-30,8770.27,9471.89,EUR,Microsoft,Interest,Interest - Microsoft,REF901368,9471.89,False,False,False,False,False
2025-08,ENT101,BNK070214,2025-08-28,54605.92,58974.4,EUR,Apple,Wire Transfer,Wire Transfer - Apple,REF750817,58974.4,False,False,False,False,False
2025-08,ENT101,BNK070215,2025-08-11,49741.7,53721.03,EUR,Customer Payment,Fee,Fee - Customer Payment,REF291755,53721.03,False,False,False,False,False
2025-08,ENT101,BNK070216,2025-08-25,-91684.68,-99019.45,EUR,Google,ACH Debit,ACH Debit - Google,REF156778,-99019.45,False,False,True,False,False
2025-08,ENT101,BNK070217,2025-08-17,80127.72,86537.94,EUR,Microsoft,Check,Check - Microsoft,REF626883,86537.94,False,False,False,False,False
2025-08,ENT101,BNK070218,2025-08-12,39977.98,43176.21,EUR,Customer Payment,Interest,Interest - Customer Payment,REF226215,43176.21,False,False,False,False,False
2025-08,ENT101,BNK070219,2025-08-23,-52302.31,-56486.49,EUR,Microsoft,ACH Debit,ACH Debit - Microsoft,REF806848,-56486.49,False,False,False,False,True
2025-08,ENT101,BNK070220,2025-08-07,38563.37,41648.44,EUR,Apple,Wire Transfer,Wire Transfer - Apple,REF296243,41648.44,False,False,False,False,False
2025-08,ENT101,BNK070221,2025-08-18,-27022.05,-29183.82,EUR,Apple,ACH Debit,ACH Debit - Apple,REF483699,-29183.82,False,False,False,False,False
2025-08,ENT101,BNK070222,2025-08-06,50378.23,54408.49,EUR,Apple,ACH Credit,ACH Credit - Apple,REF482812,54408.49,False,False,False,False,False
2025-08,ENT101,BNK070223,2025-08-28,40658.67,43911.36,EUR,Google,Check,Check - Google,REF703867,43911.36,False,False,False,False,False
2025-08,ENT101,BNK070224,2025-08-22,23628.11,25518.36,EUR,Google,Wire Transfer,Wire Transfer - Google,REF682316,25518.36,False,False,False,False,False
2025-08,ENT101,BNK070225,2025-08-14,85774.57,92636.53,EUR,Unknown Counterparty,ACH Credit,UNMATCHED - ACH Credit,REF874417,92636.53,False,False,False,True,False
2025-08,ENT101,BNK070226,2025-08-05,47825.72,51651.77,EUR,Customer Payment,Wire Transfer,Wire Transfer - Customer Payment,REF241003,51651.77,False,False,False,False,False
2025-08,ENT101,BNK070227,2025-08-29,85089.6,91896.77,EUR,Apple,Fee,Fee - Apple,REF923481,91896.77,False,False,False,False,False
2025-08,ENT101,BNK070228,2025-08-16,30703.38,33159.65,EUR,Microsoft,Fee,Fee - Microsoft,REF517754,33159.65,False,False,False,False,False
2025-08,ENT101,BNK070229,2025-08-04,69363.77,74912.88,EUR,Apple,Wire Transfer,Wire Transfer - Apple,REF599687,74912.88,False,False,False,False,False
2025-08,ENT101,BNK070230,2025-08-27,63356.36,68424.87,EUR,Apple,Check,Check - Apple,REF478496,68424.87,False,False,False,True,False
2025-08,ENT101,BNK070231,2025-08-12,-56474.65,-60992.63,EUR,Customer Payment,ACH Debit,ACH Debit - Customer Payment,REF227126,-60992.63,False,False,False,False,False
2025-08,ENT101,BNK070232,2025-08-12,86869.49,93819.05,EUR,Google,Fee,Fee - Google,REF918213,93819.05,False,False,False,False,False
2025-08,ENT101,BNK070233,2025-08-10,36155.79,39048.26,EUR,Customer Payment,Interest,Interest - Customer Payment,REF182216,39048.26,False,False,False,False,False
2025-08,ENT101,BNK070234,2025-08-13,61752.71,66692.93,EUR,Google,Check,Check - Google,REF275715,66692.93,False,False,False,True,False
2025-08,ENT101,BNK070235,2025-08-21,-80964.0,-87441.12,EUR,Customer Payment,ACH Debit,ACH Debit - Customer Payment,REF990136,-87441.12,False,False,False,True,False
2025-08,ENT101,BNK070236,2025-08-30,8063.06,8708.11,EUR,Apple,ACH Credit,ACH Credit - Apple,REF432270,8708.11,False,False,False,False,False
2025-08,ENT101,BNK070237,2025-08-21,-29844.28,-32231.82,EUR,Customer Payment,ACH Debit,ACH Debit - Customer Payment,REF384424,-32231.82,False,False,False,False,False
2025-08,ENT101,BNK070238,2025-08-29,-45044.94,-48648.54,EUR,Customer Payment,ACH Debit,ACH Debit - Customer Payment,REF534098,-48648.54,False,False,False,False,False
2025-08,ENT101,BNK070239,2025-08-06,19204.73,20741.11,EUR,Unknown Counterparty,Wire Transfer,UNMATCHED - Wire Transfer,REF346024,20741.11,False,False,False,False,False
2025-08,ENT101,BNK070240,2025-08-22,25913.05,27986.1,EUR,Microsoft,Interest,Interest - Microsoft,REF320800,27986.1,False,False,False,False,False
2025-08,ENT101,BNK070241,2025-08-06,40307.51,43532.11,EUR,Unknown Counterparty,Wire Transfer,UNMATCHED - Wire Transfer,REF596171,43532.11,False,False,False,False,False
2025-08,ENT101,BNK070242,2025-08-18,6328.72,6835.02,EUR,Microsoft,Check,Check - Microsoft,REF208976,6835.02,False,False,False,False,False
2025-08,ENT101,BNK070243,2025-08-09,62192.11,67167.48,EUR,Customer Payment,Wire Transfer,Wire Transfer - Customer Payment,REF424398,67167.48,False,False,False,True,False
2025-08,ENT101,BNK070244,2025-08-08,-25492.26,-27531.64,EUR,Google,ACH Debit,ACH Debit - Google,REF237654,-27531.64,False,False,False,False,False
2025-08,ENT101,BNK070245,2025-08-17,84013.26,90734.32,EUR,Unknown Counterparty,Wire Transfer,UNMATCHED - Wire Transfer,REF474175,90734.32,True,False,False,False,False
2025-08,ENT101,BNK070246,2025-08-28,91611.97,98940.92,EUR,Apple,Check,Check - Apple,REF675191,98940.92,True,False,False,False,False
2025-08,ENT101,BNK070247,2025-08-15,14376.38,15526.49,EUR,Customer Payment,Interest,Interest - Customer Payment,REF761701,15526.49,False,False,False,False,False
2025-08,ENT101,BNK070248,2025-08-24,63949.26,69065.2,EUR,Apple,Fee,Fee - Apple,REF464032,69065.2,False,False,False,False,True
2025-08,ENT101,BNK070249,2025-08-16,54427.14,58781.32,EUR,Apple,Wire Transfer,Wire Transfer - Apple,REF532227,58781.32,False,False,False,False,False
2025-08,ENT101,BNK070250,2025-08-09,16416.04,17729.32,EUR,Unknown Counterparty,Wire Transfer,UNMATCHED - Wire Transfer,REF954987,17729.32,False,False,False,False,False
2025-08,ENT101,BNK070251,2025-08-25,-84946.7,-91742.44,EUR,Microsoft,ACH Debit,ACH Debit - Microsoft,REF821179,-91742.44,False,False,False,False,False
2025-08,ENT101,BNK070252,2025-08-30,49701.23,53677.33,EUR,Customer Payment,Check,Check - Customer Payment,REF936726,53677.33,False,False,False,False,False
2025-08,ENT101,BNK070253,2025-08-10,60103.37,64911.64,EUR,Google,Wire Transfer,Wire Transfer - Google,REF531736,64911.64,False,False,False,True,False
2025-08,ENT101,BNK070254,2025-08-29,56494.88,61014.47,EUR,Customer Payment,Check,Check - Customer Payment,REF968668,61014.47,False,False,False,False,False
2025-08,ENT101,BNK070255,2025-08-13,22838.65,24665.74,EUR,Google,Wire Transfer,Wire Transfer - Google,REF641704,24665.74,False,False,False,False,False
2025-08,ENT101,BNK070256,2025-08-25,80195.95,86611.62,EUR,Apple,Fee,Fee - Apple,REF398505,86611.62,False,False,False,False,False
2025-08,ENT101,BNK070257,2025-08-21,-74549.76,-80513.74,EUR,Microsoft,ACH Debit,ACH Debit - Microsoft,REF291267,-80513.74,False,False,False,False,False
2025-08,ENT101,BNK070258,2025-08-05,29669.93,32043.53,EUR,Customer Payment,Interest,Interest - Customer Payment,REF385353,32043.53,False,False,False,False,False
2025-08,ENT101,BNK070259,2025-08-23,62652.62,67664.83,EUR,Google,ACH Credit,ACH Credit - Google,REF152042,67664.83,False,False,False,False,False
2025-08,ENT101,BNK070260,2025-08-18,3190.96,3446.23,EUR,Google,Wire Transfer,Wire Transfer - Google,REF849937,3446.23,False,False,False,False,False
2025-08,ENT101,BNK070261,2025-08-15,72983.6,78822.29,EUR,Unknown Counterparty,ACH Credit,UNMATCHED - ACH Credit,REF115440,78822.29,False,False,False,False,False
2025-08,ENT101,BNK070262,2025-08-16,22501.62,24301.75,EUR,Customer Payment,Check,Check - Customer Payment,REF489438,24301.75,False,False,False,False,False
2025-08,ENT101,BNK070263,2025-08-15,69996.55,75596.27,EUR,Google,Wire Transfer,Wire Transfer - Google,REF158760,75596.27,False,False,False,False,False
2025-08,ENT101,BNK070264,2025-08-09,77789.64,84012.81,EUR,Google,Wire Transfer,Wire Transfer - Google,REF301528,84012.81,False,False,False,False,False
2025-08,ENT101,BNK070265,2025-08-29,84312.39,91057.38,EUR,Microsoft,Check,Check - Microsoft,REF905459,91057.38,False,False,False,False,False
2025-08,ENT101,BNK070266,2025-08-23,25647.27,27699.06,EUR,Microsoft,Check,Check - Microsoft,REF308855,27699.06,False,False,False,False,False
2025-08,ENT101,BNK070267,2025-08-15,73796.96,79700.71,EUR,Google,Wire Transfer,Wire Transfer - Google,REF595793,79700.71,False,False,False,False,False
2025-08,ENT101,BNK070268,2025-08-13,-68462.79,-73939.81,EUR,Google,ACH Debit,ACH Debit - Google,REF759726,-73939.81,False,False,False,False,False
2025-08,ENT101,BNK070269,2025-08-24,5176.41,5590.52,EUR,Apple,Fee,Fee - Apple,REF604605,5590.52,False,False,False,False,False
2025-08,ENT101,BNK070270,2025-08-21,-30582.5,-33029.09,EUR,Google,ACH Debit,ACH Debit - Google,REF218414,-33029.09,False,False,False,False,False
2025-08,ENT101,BNK070271,2025-08-08,-63657.99,-68750.63,EUR,Unknown Counterparty,ACH Debit,UNMATCHED - ACH Debit,REF932978,-68750.63,False,False,True,False,False
2025-08,ENT101,BNK070272,2025-08-09,58884.99,63595.79,EUR,Microsoft,Check,Check - Microsoft,REF144033,63595.79,False,False,False,False,False
2025-08,ENT101,BNK070273,2025-08-19,78564.05,84849.17,EUR,Google,Check,Check - Google,REF489439,84849.17,False,False,False,False,False
2025-08,ENT101,BNK070274,2025-08-25,9858.51,10647.19,EUR,Apple,ACH Credit,ACH Credit - Apple,REF896456,10647.19,False,False,False,False,False
2025-08,ENT101,BNK070275,2025-08-21,-6945.18,-7500.8,EUR,Microsoft,ACH Debit,ACH Debit - Microsoft,REF231939,-7500.8,False,False,False,False,False
2025-08,ENT101,BNK070276,2025-08-16,24034.79,25957.57,EUR,Apple,Fee,Fee - Apple,REF944654,25957.57,False,False,False,False,False
2025-08,ENT101,BNK070277,2025-08-29,44433.17,47987.82,EUR,Unknown Counterparty,ACH Credit,UNMATCHED - ACH Credit,REF496119,47987.82,False,False,False,False,False
2025-08,ENT101,BNK070278,2025-08-12,-72715.52,-78532.76,EUR,Customer Payment,ACH Debit,ACH Debit - Customer Payment,REF840951,-78532.76,False,False,False,False,False
2025-08,ENT101,BNK070279,2025-08-15,56343.45,60850.93,EUR,Google,Fee,Fee - Google,REF694229,60850.93,False,False,False,False,False
2025-08,ENT101,BNK070280,2025-08-06,-54818.43,-59203.91,EUR,Apple,ACH Debit,ACH Debit - Apple,REF971733,-59203.91,False,False,False,False,False
2025-08,ENT101,BNK070281,2025-08-20,91532.93,98855.56,EUR,Google,Fee,Fee - Google,REF571213,98855.56,False,False,False,False,False
2025-08,ENT101,BNK070282,2025-08-10,82122.44,88692.23,EUR,Microsoft,Fee,Fee - Microsoft,REF913608,88692.23,False,False,False,False,False
2025-08,ENT101,BNK070283,2025-08-21,51089.82,55177.0,EUR,Microsoft,Interest,Interest - Microsoft,REF749838,55177.0,False,False,False,False,False
2025-08,ENT101,BNK070284,2025-08-28,37043.44,40006.92,EUR,Microsoft,Fee,Fee - Microsoft,REF790266,40006.92,False,False,False,False,False
2025-08,ENT101,BNK070285,2025-08-31,54356.7,58705.23,EUR,Customer Payment,Check,Check - Customer Payment,REF902930,58705.23,False,False,False,True,False
2025-08,ENT101,BNK070286,2025-08-18,-16259.02,-17559.74,EUR,Apple,ACH Debit,ACH Debit - Apple,REF215830,-17559.74,False,False,False,False,False
2025-08,ENT101,BNK070287,2025-08-04,52796.85,57020.6,EUR,Unknown Counterparty,Wire Transfer,UNMATCHED - Wire Transfer,REF236078,57020.6,False,False,False,False,False
2025-08,ENT101,BNK070288,2025-08-06,87475.78,94473.85,EUR,Unknown Counterparty,ACH Credit,UNMATCHED - ACH Credit,REF300924,94473.85,False,False,False,False,False
2025-08,ENT101,BNK070289,2025-08-04,4149.9,4481.89,EUR,Customer Payment,Interest,Interest - Customer Payment,REF651363,4481.89,False,False,False,False,False
2025-08,ENT101,BNK070290,2025-08-20,-70430.09,-76064.5,EUR,Unknown Counterparty,ACH Debit,UNMATCHED - ACH Debit,REF331444,-76064.5,False,False,False,False,False
2025-08,ENT101,BNK070291,2025-08-20,72066.67,77832.01,EUR,Google,Wire Transfer,Wire Transfer - Google,REF787603,77832.01,False,False,False,False,False
2025-08,ENT101,BNK070292,2025-08-16,92911.97,100344.93,EUR,Microsoft,Wire Transfer,Wire Transfer - Microsoft,REF478458,100344.93,False,False,False,False,False
2025-08,ENT101,BNK070293,2025-08-18,74604.27,80572.61,EUR,Microsoft,Check,Check - Microsoft,REF963652,80572.61,False,False,False,False,False
2025-08,ENT101,BNK070294,2025-08-20,27315.75,29501.01,EUR,Apple,Wire Transfer,Wire Transfer - Apple,REF181721,29501.01,False,False,False,False,False
2025-08,ENT101,BNK070295,2025-08-31,22374.11,24164.03,EUR,Unknown Counterparty,Fee,UNMATCHED - Fee,REF860397,24164.03,False,False,False,False,False
2025-08,ENT101,BNK070296,2025-08-08,53634.44,57925.2,EUR,Google,ACH Credit,ACH Credit - Google,REF697717,57925.2,False,False,False,False,False
2025-08,ENT101,BNK070297,2025-08-21,94802.83,102387.06,EUR,Customer Payment,Fee,Fee - Customer Payment,REF882351,102387.06,False,False,False,False,False
2025-08,ENT101,BNK070298,2025-08-04,76862.06,83011.02,EUR,Customer Payment,Fee,Fee - Customer Payment,REF836677,83011.02,False,False,False,False,False
2025-08,ENT101,BNK070299,2025-08-22,43280.42,46742.86,EUR,Google,Wire Transfer,Wire Transfer - Google,REF676680,46742.86,False,False,False,False,False
2025-08,ENT101,BNK070300,2025-08-13,50964.59,55041.75,EUR,Customer Payment,Interest,Interest - Customer Payment,REF469438,55041.75,False,False,False,False,False
2025-08,ENT101,BNK070301,2025-08-29,-32200.34,-34776.37,EUR,Customer Payment,ACH Debit,ACH Debit - Customer Payment,REF901305,-34776.37,False,False,False,False,False
2025-08,ENT101,BNK070302,2025-08-21,43628.22,47118.48,EUR,Google,Interest,Interest - Google,REF690500,47118.48,False,False,False,False,False
2025-08,ENT101,BNK070303,2025-08-18,22178.89,23953.2,EUR,Apple,Fee,Fee - Apple,REF477496,23953.2,False,False,False,False,False
2025-08,ENT101,BNK070304,2025-08-31,45787.94,49450.98,EUR,Unknown Counterparty,Check,UNMATCHED - Check,REF136346,49450.98,False,False,False,False,False
2025-08,ENT101,BNK070305,2025-08-10,59980.52,64778.96,EUR,Unknown Counterparty,Fee,UNMATCHED - Fee,REF416503,64778.96,True,False,False,False,False
2025-08,ENT101,BNK070306,2025-08-01,30733.06,33191.71,EUR,Apple,ACH Credit,ACH Credit - Apple,REF122755,33191.71,False,False,False,False,False
2025-08,ENT101,BNK070307,2025-08-25,82372.05,88961.82,EUR,Google,Interest,Interest - Google,REF198867,88961.82,False,False,False,False,False
2025-08,ENT101,BNK070308,2025-08-02,46576.61,50302.74,EUR,Unknown Counterparty,ACH Credit,UNMATCHED - ACH Credit,REF484914,50302.74,False,False,False,False,False
2025-08,ENT101,BNK070309,2025-08-29,58633.41,63324.09,EUR,Apple,ACH Credit,ACH Credit - Apple,REF196369,63324.09,False,False,False,False,False
2025-08,ENT101,BNK070310,2025-08-19,40580.03,43826.43,EUR,Apple,ACH Credit,ACH Credit - Apple,REF931420,43826.43,False,False,False,False,False
2025-08,ENT101,BNK070311,2025-08-16,18117.35,19566.73,EUR,Microsoft,Interest,Interest - Microsoft,REF724145,19566.73,False,False,False,False,False
2025-08,ENT101,BNK070312,2025-08-21,30738.93,33198.05,EUR,Customer Payment,Interest,Interest - Customer Payment,REF182289,33198.05,False,False,False,False,False
2025-08,ENT101,BNK070313,2025-08-25,-6536.35,-7059.26,EUR,Customer Payment,ACH Debit,ACH Debit - Customer Payment,REF536754,-7059.26,False,False,False,False,False
2025-08,ENT101,BNK070314,2025-08-30,86915.28,93868.5,EUR,Microsoft,ACH Credit,ACH Credit - Microsoft,REF764678,93868.5,True,False,False,False,False
2025-08,ENT101,BNK070315,2025-08-25,63587.17,68674.14,EUR,Microsoft,Wire Transfer,Wire Transfer - Microsoft,REF434827,68674.14,False,False,False,False,False
2025-08,ENT101,BNK070316,2025-08-18,-56926.38,-61480.49,EUR,Google,ACH Debit,ACH Debit - Google,REF260639,-61480.49,False,False,False,False,False
2025-08,ENT101,BNK070317,2025-08-02,67689.89,73105.08,EUR,Microsoft,Check,Check - Microsoft,REF332873,73105.08,False,False,False,False,False
2025-08,ENT101,BNK070318,2025-08-14,29688.52,32063.6,EUR,Unknown Counterparty,Check,UNMATCHED - Check,REF452497,32063.6,False,False,False,False,False
2025-08,ENT101,BNK070319,2025-08-03,48109.61,51958.38,EUR,Unknown Counterparty,Interest,UNMATCHED - Interest,REF518582,51958.38,False,False,True,False,False
2025-08,ENT101,BNK070320,2025-08-09,9422.82,10176.65,EUR,Google,Fee,Fee - Google,REF899049,10176.65,False,False,False,False,False
2025-08,ENT101,BNK070321,2025-08-05,48611.33,52500.23,EUR,Google,ACH Credit,ACH Credit - Google,REF688426,52500.23,False,False,False,False,False
2025-08,ENT101,BNK070322,2025-08-20,99710.8,107687.66,EUR,Microsoft,Fee,Fee - Microsoft,REF379190,107687.66,False,False,False,False,False
2025-08,ENT101,BNK070323,2025-08-25,43576.51,47062.63,EUR,Microsoft,Interest,Interest - Microsoft,REF217996,47062.63,False,False,False,False,False
2025-08,ENT101,BNK070324,2025-08-22,-41944.62,-45300.19,EUR,Apple,ACH Debit,ACH Debit - Apple,REF461260,-45300.19,False,False,False,False,False
2025-08,ENT101,BNK070325,2025-08-20,-65885.58,-71156.42,EUR,Apple,ACH Debit,ACH Debit - Apple,REF746154,-71156.42,False,False,False,False,False
2025-08,ENT101,BNK070326,2025-08-27,99025.76,106947.82,EUR,Customer Payment,Check,Check - Customer Payment,REF147057,106947.82,False,False,False,False,False
2025-08,ENT101,BNK070327,2025-08-30,81999.02,88558.94,EUR,Google,ACH Credit,ACH Credit - Google,REF894541,88558.94,False,False,False,False,False
2025-08,ENT101,BNK070328,2025-08-24,85423.65,92257.54,EUR,Google,Wire Transfer,Wire Transfer - Google,REF751168,92257.54,False,False,False,False,False
2025-08,ENT101,BNK070329,2025-08-30,-15620.03,-16869.63,EUR,Unknown Counterparty,ACH Debit,UNMATCHED - ACH Debit,REF827497,-16869.63,False,False,False,False,False
2025-08,ENT101,BNK070330,2025-08-26,12016.52,12977.84,EUR,Apple,Check,Check - Apple,REF319162,12977.84,False,False,False,False,False
2025-08,ENT101,BNK070331,2025-08-24,54262.54,58603.54,EUR,Apple,ACH Credit,ACH Credit - Apple,REF675458,58603.54,True,False,False,False,False
2025-08,ENT101,BNK070332,2025-08-16,62681.16,67695.65,EUR,Microsoft,ACH Credit,ACH Credit - Microsoft,REF494900,67695.65,False,False,False,False,False
2025-08,ENT101,BNK070333,2025-08-19,90697.99,97953.83,EUR,Unknown Counterparty,Fee,UNMATCHED - Fee,REF278593,97953.83,False,False,False,False,False
2025-08,ENT101,BNK070334,2025-08-02,29117.34,31446.73,EUR,Microsoft,Interest,Interest - Microsoft,REF587546,31446.73,False,False,False,False,False
2025-08,ENT101,BNK070335,2025-08-21,94572.47,102138.27,EUR,Apple,Wire Transfer,Wire Transfer - Apple,REF795186,102138.27,False,False,False,False,False
2025-08,ENT101,BNK070336,2025-08-28,-91374.01,-98683.93,EUR,Microsoft,ACH Debit,ACH Debit - Microsoft,REF406703,-98683.93,False,False,False,False,False
2025-08,ENT101,BNK070337,2025-08-28,88456.83,95533.38,EUR,Customer Payment,Check,Check - Customer Payment,REF633243,95533.38,False,False,False,False,False
2025-08,ENT101,BNK070338,2025-08-23,-10860.77,-11729.63,EUR,Microsoft,ACH Debit,ACH Debit - Microsoft,REF295472,-11729.63,False,False,False,True,False
2025-08,ENT101,BNK070339,2025-08-07,50564.43,54609.59,EUR,Microsoft,Check,Check - Microsoft,REF141683,54609.59,False,False,False,False,False
2025-08,ENT101,BNK070340,2025-08-08,-92304.74,-99689.12,EUR,Customer Payment,ACH Debit,ACH Debit - Customer Payment,REF880550,-99689.12,False,False,False,False,False
2025-08,ENT101,BNK070341,2025-08-06,2818.85,3044.36,EUR,Apple,Interest,Interest - Apple,REF347678,3044.36,False,False,False,False,False
2025-08,ENT101,BNK070342,2025-08-17,28311.95,30576.91,EUR,Customer Payment,Wire Transfer,Wire Transfer - Customer Payment,REF954441,30576.91,False,False,False,False,False
2025-08,ENT101,BNK070343,2025-08-01,-94469.53,-102027.1,EUR,Apple,ACH Debit,ACH Debit - Apple,REF511929,-102027.1,False,False,False,False,False
2025-08,ENT101,BNK070344,2025-08-22,14588.81,15755.91,EUR,Google,Interest,Interest - Google,REF537605,15755.91,False,False,False,False,False
2025-08,ENT101,BNK070345,2025-08-08,57716.96,62334.31,EUR,Apple,Check,Check - Apple,REF570988,62334.31,False,False,False,False,False
2025-08,ENT101,BNK070346,2025-08-18,14045.44,15169.08,EUR,Unknown Counterparty,Interest,UNMATCHED - Interest,REF667650,15169.08,False,False,False,True,False
2025-08,ENT101,BNK070347,2025-08-22,80210.4,86627.23,EUR,Google,ACH Credit,ACH Credit - Google,REF550955,86627.23,False,False,False,False,False
2025-08,ENT101,BNK070348,2025-08-30,97601.91,105410.07,EUR,Google,ACH Credit,ACH Credit - Google,REF432918,105410.07,False,False,False,False,False
2025-08,ENT101,BNK070349,2025-08-03,56176.69,60670.82,EUR,Unknown Counterparty,Interest,UNMATCHED - Interest,REF433025,60670.82,False,False,False,False,False
2025-08,ENT101,BNK070350,2025-08-27,88084.17,95130.91,EUR,Unknown Counterparty,Interest,UNMATCHED - Interest,REF434168,95130.91,False,False,False,False,False
2025-08,ENT101,BNK070351,2025-08-29,97316.71,105102.04,EUR,Apple,Check,Check - Apple,REF259338,105102.04,False,False,False,False,False
2025-08,ENT101,BNK070352,2025-08-25,19605.43,21173.86,EUR,Apple,ACH Credit,ACH Credit - Apple,REF735022,21173.86,False,False,False,False,False
2025-08,ENT101,BNK070353,2025-08-19,61623.84,66553.75,EUR,Microsoft,Fee,Fee - Microsoft,REF476712,66553.75,False,False,False,False,False
2025-08,ENT101,BNK070354,2025-08-03,69125.99,74656.07,EUR,Unknown Counterparty,Check,UNMATCHED - Check,REF987240,74656.07,False,False,False,False,False
2025-08,ENT101,BNK070355,2025-08-20,47407.59,51200.19,EUR,Customer Payment,Interest,Interest - Customer Payment,REF615318,51200.19,False,False,False,False,False
2025-08,ENT101,BNK070356,2025-08-16,14613.76,15782.86,EUR,Customer Payment,ACH Credit,ACH Credit - Customer Payment,REF901677,15782.86,False,False,False,False,False
2025-08,ENT101,BNK070357,2025-08-01,92618.07,100027.52,EUR,Google,Check,Check - Google,REF894586,100027.52,False,False,False,False,False
2025-08,ENT101,BNK070358,2025-08-07,7547.5,8151.3,EUR,Customer Payment,Check,Check - Customer Payment,REF821276,8151.3,False,False,False,False,False
2025-08,ENT101,BNK070359,2025-08-11,86810.72,93755.57,EUR,Microsoft,ACH Credit,ACH Credit - Microsoft,REF737460,93755.57,False,False,False,False,False
2025-08,ENT101,BNK070360,2025-08-24,82608.52,89217.2,EUR,Microsoft,Interest,Interest - Microsoft,REF645940,89217.2,False,False,False,False,False
2025-08,ENT101,BNK070361,2025-08-04,45709.35,49366.1,EUR,Google,Wire Transfer,Wire Transfer - Google,REF643899,49366.1,False,False,False,False,False
2025-08,ENT101,BNK070362,2025-08-18,40165.51,43378.75,EUR,Unknown Counterparty,Interest,UNMATCHED - Interest,REF506216,43378.75,False,False,False,False,True
2025-08,ENT101,BNK070363,2025-08-17,76750.83,82890.89,EUR,Customer Payment,Wire Transfer,Wire Transfer - Customer Payment,REF517375,82890.89,False,False,False,False,False
2025-08,ENT101,BNK070364,2025-08-29,-31150.86,-33642.93,EUR,Customer Payment,ACH Debit,ACH Debit - Customer Payment,REF408721,-33642.93,False,False,False,False,False
2025-08,ENT101,BNK070365,2025-08-20,91984.25,99342.99,EUR,Google,Interest,Interest - Google,REF586097,99342.99,False,False,False,False,False
2025-08,ENT101,BNK070366,2025-08-27,64964.05,70161.17,EUR,Microsoft,Wire Transfer,Wire Transfer - Microsoft,REF288503,70161.17,False,False,False,False,False
2025-08,ENT101,BNK070367,2025-08-25,58959.32,63676.07,EUR,Customer Payment,Interest,Interest - Customer Payment,REF533648,63676.07,False,False,False,False,False
2025-08,ENT101,BNK070368,2025-08-11,45637.7,49288.72,EUR,Google,ACH Credit,ACH Credit - Google,REF576769,49288.72,False,False,False,False,False
2025-08,ENT101,BNK070369,2025-08-03,25758.15,27818.8,EUR,Google,Interest,Interest - Google,REF853270,27818.8,False,False,False,False,False
2025-08,ENT101,BNK070370,2025-08-24,13230.88,14289.35,EUR,Apple,Wire Transfer,Wire Transfer - Apple,REF189450,14289.35,False,False,False,False,False
2025-08,ENT101,BNK070371,2025-08-17,71020.63,76702.28,EUR,Google,Interest,Interest - Google,REF497073,76702.28,True,False,False,False,False
2025-08,ENT101,BNK070372,2025-08-18,38680.09,41774.5,EUR,Google,ACH Credit,ACH Credit - Google,REF269999,41774.5,False,False,False,False,False
2025-08,ENT101,BNK070373,2025-08-28,15316.13,16541.42,EUR,Unknown Counterparty,Interest,UNMATCHED - Interest,REF423026,16541.42,False,False,False,False,False
2025-08,ENT101,BNK070374,2025-08-10,73286.01,79148.89,EUR,Google,Check,Check - Google,REF223264,79148.89,False,False,False,False,False
2025-08,ENT101,BNK070375,2025-08-29,14025.53,15147.57,EUR,Unknown Counterparty,ACH Credit,UNMATCHED - ACH Credit,REF902575,15147.57,False,False,False,False,False
2025-08,ENT101,BNK070376,2025-08-09,2208.57,2385.25,EUR,Microsoft,Check,Check - Microsoft,REF737517,2385.25,False,False,False,False,False
2025-08,ENT101,BNK070377,2025-08-29,49853.21,53841.47,EUR,Customer Payment,ACH Credit,ACH Credit - Customer Payment,REF575779,53841.47,False,False,False,False,False
2025-08,ENT101,BNK070378,2025-08-14,44745.66,48325.31,EUR,Google,Fee,Fee - Google,REF673929,48325.31,False,False,False,False,False
2025-08,ENT101,BNK070379,2025-08-09,62356.84,67345.38,EUR,Google,Fee,Fee - Google,REF151295,67345.38,False,False,False,False,False
2025-08,ENT101,BNK070380,2025-08-06,15677.36,16931.55,EUR,Google,Interest,Interest - Google,REF995304,16931.55,False,False,False,False,False
2025-08,ENT101,BNK070381,2025-08-02,67032.66,72395.27,EUR,Microsoft,Fee,Fee - Microsoft,REF151413,72395.27,False,False,False,False,False
2025-08,ENT101,BNK070382,2025-08-04,42278.74,45661.03,EUR,Apple,ACH Credit,ACH Credit - Apple,REF740774,45661.03,True,False,False,True,False
2025-08,ENT101,BNK070383,2025-08-22,69459.85,75016.64,EUR,Google,Fee,Fee - Google,REF577456,75016.64,False,False,False,False,False
2025-08,ENT101,BNK070384,2025-08-24,58317.66,62983.08,EUR,Unknown Counterparty,Wire Transfer,UNMATCHED - Wire Transfer,REF413833,62983.08,False,False,False,False,False
2025-08,ENT101,BNK070385,2025-08-11,37488.37,40487.44,EUR,Customer Payment,Check,Check - Customer Payment,REF984274,40487.44,False,False,False,False,False
2025-08,ENT101,BNK070386,2025-08-18,7427.66,8021.87,EUR,Unknown Counterparty,Check,UNMATCHED - Check,REF828361,8021.87,False,False,False,False,False
2025-08,ENT101,BNK070387,2025-08-28,28167.44,30420.83,EUR,Google,Fee,Fee - Google,REF829630,30420.83,False,False,False,False,False
2025-08,ENT101,BNK070388,2025-08-07,61593.32,66520.79,EUR,Microsoft,Wire Transfer,Wire Transfer - Microsoft,REF607157,66520.79,False,False,False,False,False
2025-08,ENT101,BNK070389,2025-08-24,69176.77,74710.92,EUR,Apple,Interest,Interest - Apple,REF372273,74710.92,False,False,False,False,False
2025-08,ENT101,BNK070390,2025-08-17,57939.13,62574.26,EUR,Google,Fee,Fee - Google,REF744129,62574.26,False,False,False,False,False
2025-08,ENT101,BNK070391,2025-08-19,50143.3,54154.76,EUR,Customer Payment,Interest,Interest - Customer Payment,REF947228,54154.76,False,False,False,False,False
2025-08,ENT101,BNK070392,2025-08-06,88482.7,95561.32,EUR,Google,ACH Credit,ACH Credit - Google,REF101657,95561.32,False,False,False,False,False
2025-08,ENT101,BNK070393,2025-08-04,3374.69,3644.67,EUR,Google,Interest,Interest - Google,REF938403,3644.67,False,False,False,False,False
2025-08,ENT101,BNK070394,2025-08-20,99899.71,107891.69,EUR,Unknown Counterparty,Check,UNMATCHED - Check,REF466634,107891.69,False,False,False,False,False
2025-08,ENT101,BNK070395,2025-08-18,80798.31,87262.17,EUR,Unknown Counterparty,ACH Credit,UNMATCHED - ACH Credit,REF310960,87262.17,False,False,False,False,False
2025-08,ENT101,BNK070396,2025-08-23,28881.04,31191.53,EUR,Apple,Wire Transfer,Wire Transfer - Apple,REF904291,31191.53,False,False,False,False,False
2025-08,ENT101,BNK070397,2025-08-01,-12269.84,-13251.43,EUR,Microsoft,ACH Debit,ACH Debit - Microsoft,REF972460,-13251.43,False,False,False,False,False
2025-08,ENT101,BNK070398,2025-08-06,-20207.54,-21824.15,EUR,Customer Payment,ACH Debit,ACH Debit - Customer Payment,REF597549,-21824.15,False,False,False,False,False
2025-08,ENT101,BNK070399,2025-08-26,4520.27,4881.89,EUR,Customer Payment,ACH Credit,ACH Credit - Customer Payment,REF663051,4881.89,False,False,False,False,False
2025-08,ENT102,BNK070400,2025-08-29,34175.86,43403.34,GBP,Microsoft,Check,Check - Microsoft,REF975671,43403.34,False,False,False,False,False
2025-08,ENT102,BNK070401,2025-08-17,30635.03,38906.49,GBP,Microsoft,Interest,Interest - Microsoft,REF318379,38906.49,False,False,False,False,False
2025-08,ENT102,BNK070402,2025-08-19,-68863.84,-87457.07,GBP,Unknown Counterparty,ACH Debit,UNMATCHED - ACH Debit,REF256557,-87457.07,False,False,False,False,False
2025-08,ENT102,BNK070403,2025-08-09,-84233.18,-106976.13,GBP,Google,ACH Debit,ACH Debit - Google,REF698717,-106976.13,False,False,False,False,False
2025-08,ENT102,BNK070404,2025-08-20,39567.06,50250.17,GBP,Unknown Counterparty,Fee,UNMATCHED - Fee,REF920347,50250.17,False,False,False,False,False
2025-08,ENT102,BNK070405,2025-08-25,-31519.86,-40030.22,GBP,Apple,ACH Debit,ACH Debit - Apple,REF533973,-40030.22,False,False,False,False,False
2025-08,ENT102,BNK070406,2025-08-03,50208.39,63764.65,GBP,Apple,ACH Credit,ACH Credit - Apple,REF326639,63764.65,False,False,False,False,False
2025-08,ENT102,BNK070407,2025-08-17,30929.51,39280.48,GBP,Microsoft,Wire Transfer,Wire Transfer - Microsoft,REF915572,39280.48,False,False,False,False,False
2025-08,ENT102,BNK070408,2025-08-07,91422.03,116105.98,GBP,Customer Payment,Check,Check - Customer Payment,REF624344,116105.98,False,False,False,True,False
2025-08,ENT102,BNK070409,2025-08-05,19830.96,25185.31,GBP,Apple,Check,Check - Apple,REF913205,25185.31,False,False,False,False,False
2025-08,ENT102,BNK070410,2025-08-11,15186.21,19286.49,GBP,Google,Wire Transfer,Wire Transfer - Google,REF315154,19286.49,False,False,False,False,False
2025-08,ENT102,BNK070411,2025-08-24,4618.7,5865.75,GBP,Microsoft,Check,Check - Microsoft,REF104309,5865.75,False,False,False,False,False
2025-08,ENT102,BNK070412,2025-08-10,93301.4,118492.77,GBP,Microsoft,Interest,Interest - Microsoft,REF449479,118492.77,False,False,False,False,False
2025-08,ENT102,BNK070413,2025-08-15,89029.4,113067.34,GBP,Apple,Wire Transfer,Wire Transfer - Apple,REF123572,113067.34,False,False,False,False,False
2025-08,ENT102,BNK070414,2025-08-19,76090.89,96635.43,GBP,Apple,Interest,Interest - Apple,REF310297,96635.43,False,False,False,False,False
2025-08,ENT102,BNK070415,2025-08-07,29370.17,37300.12,GBP,Customer Payment,Fee,Fee - Customer Payment,REF803724,37300.12,False,False,False,False,False
2025-08,ENT102,BNK070416,2025-08-04,27992.77,35550.81,GBP,Microsoft,ACH Credit,ACH Credit - Microsoft,REF753205,35550.81,False,False,False,False,True
2025-08,ENT102,BNK070417,2025-08-18,51892.01,65902.85,GBP,Apple,ACH Credit,ACH Credit - Apple,REF384218,65902.85,False,False,False,False,False
2025-08,ENT102,BNK070418,2025-08-05,-94384.5,-119868.32,GBP,Google,ACH Debit,ACH Debit - Google,REF174703,-119868.32,False,False,False,False,False
2025-08,ENT102,BNK070419,2025-08-10,-61713.03,-78375.54,GBP,Microsoft,ACH Debit,ACH Debit - Microsoft,REF236392,-78375.54,False,False,False,False,False
2025-08,ENT102,BNK070420,2025-08-01,47602.82,60455.58,GBP,Unknown Counterparty,Interest,UNMATCHED - Interest,REF502233,60455.58,False,False,False,False,True
2025-08,ENT102,BNK070421,2025-08-02,9525.84,12097.81,GBP,Customer Payment,Check,Check - Customer Payment,REF746253,12097.81,False,False,False,False,False
2025-08,ENT102,BNK070422,2025-08-12,31931.62,40553.16,GBP,Microsoft,ACH Credit,ACH Credit - Microsoft,REF892453,40553.16,False,False,False,False,False
2025-08,ENT102,BNK070423,2025-08-25,47103.84,59821.88,GBP,Unknown Counterparty,ACH Credit,UNMATCHED - ACH Credit,REF941325,59821.88,False,False,False,False,False
2025-08,ENT102,BNK070424,2025-08-30,70161.34,89104.9,GBP,Customer Payment,Wire Transfer,Wire Transfer - Customer Payment,REF593403,89104.9,False,False,False,False,False
2025-08,ENT102,BNK070425,2025-08-08,94797.38,120392.67,GBP,Apple,ACH Credit,ACH Credit - Apple,REF481104,120392.67,False,False,False,False,False
2025-08,ENT102,BNK070426,2025-08-13,19151.95,24322.98,GBP,Apple,Interest,Interest - Apple,REF575301,24322.98,False,False,False,False,False
2025-08,ENT102,BNK070427,2025-08-16,3996.15,5075.11,GBP,Unknown Counterparty,Check,UNMATCHED - Check,REF601903,5075.11,False,False,False,False,False
2025-08,ENT102,BNK070428,2025-08-15,-84730.86,-107608.19,GBP,Google,ACH Debit,ACH Debit - Google,REF632623,-107608.19,False,False,False,False,False
2025-08,ENT102,BNK070429,2025-08-04,41162.91,52276.9,GBP,Apple,Interest,Interest - Apple,REF683165,52276.9,False,False,False,False,False
2025-08,ENT102,BNK070430,2025-08-21,-8021.48,-10187.27,GBP,Customer Payment,ACH Debit,ACH Debit - Customer Payment,REF719221,-10187.27,False,False,False,False,False
2025-08,ENT102,BNK070431,2025-08-14,24618.95,31266.07,GBP,Customer Payment,ACH Credit,ACH Credit - Customer Payment,REF502460,31266.07,False,False,False,False,False
2025-08,ENT102,BNK070432,2025-08-03,34730.7,44107.99,GBP,Customer Payment,Interest,Interest - Customer Payment,REF694764,44107.99,False,False,False,False,False
2025-08,ENT102,BNK070433,2025-08-26,34877.88,44294.91,GBP,Microsoft,Interest,Interest - Microsoft,REF875282,44294.91,False,False,True,False,True
2025-08,ENT102,BNK070434,2025-08-30,71478.97,90778.3,GBP,Unknown Counterparty,Check,UNMATCHED - Check,REF725030,90778.3,False,False,False,False,False
2025-08,ENT102,BNK070435,2025-08-15,33212.43,42179.79,GBP,Google,Wire Transfer,Wire Transfer - Google,REF422998,42179.79,False,False,False,False,False
2025-08,ENT102,BNK070436,2025-08-31,41173.58,52290.44,GBP,Unknown Counterparty,Fee,UNMATCHED - Fee,REF953610,52290.44,False,False,False,False,False
2025-08,ENT102,BNK070437,2025-08-20,77362.99,98251.0,GBP,Microsoft,Check,Check - Microsoft,REF194930,98251.0,False,False,False,False,False
2025-08,ENT102,BNK070438,2025-08-07,81886.33,103995.63,GBP,Microsoft,Fee,Fee - Microsoft,REF893853,103995.63,False,False,False,False,False
2025-08,ENT102,BNK070439,2025-08-05,66427.26,84362.62,GBP,Customer Payment,Check,Check - Customer Payment,REF745474,84362.62,False,False,False,False,False
2025-08,ENT102,BNK070440,2025-08-19,45268.82,57491.4,GBP,Apple,ACH Credit,ACH Credit - Apple,REF414295,57491.4,False,False,False,False,False
2025-08,ENT102,BNK070441,2025-08-19,79640.32,101143.21,GBP,Customer Payment,Interest,Interest - Customer Payment,REF852658,101143.21,False,False,False,False,True
2025-08,ENT102,BNK070442,2025-08-30,35082.2,44554.39,GBP,Customer Payment,Wire Transfer,Wire Transfer - Customer Payment,REF988811,44554.39,False,False,False,False,False
2025-08,ENT102,BNK070443,2025-08-05,85398.01,108455.48,GBP,Microsoft,Wire Transfer,Wire Transfer - Microsoft,REF100884,108455.48,False,False,False,False,False
2025-08,ENT102,BNK070444,2025-08-23,-56443.0,-71682.6,GBP,Unknown Counterparty,ACH Debit,UNMATCHED - ACH Debit,REF395917,-71682.6,False,False,False,False,False
2025-08,ENT102,BNK070445,2025-08-28,4087.29,5190.86,GBP,Customer Payment,Check,Check - Customer Payment,REF755584,5190.86,False,False,False,False,False
2025-08,ENT102,BNK070446,2025-08-11,71465.59,90761.3,GBP,Google,Check,Check - Google,REF794668,90761.3,False,False,False,False,False
2025-08,ENT102,BNK070447,2025-08-06,48012.27,60975.58,GBP,Apple,ACH Credit,ACH Credit - Apple,REF980764,60975.58,False,False,False,False,False
2025-08,ENT102,BNK070448,2025-08-14,16272.46,20666.03,GBP,Unknown Counterparty,Interest,UNMATCHED - Interest,REF112166,20666.03,False,False,False,True,False
2025-08,ENT102,BNK070449,2025-08-03,65190.54,82791.98,GBP,Customer Payment,ACH Credit,ACH Credit - Customer Payment,REF789886,82791.98,False,False,False,False,False
2025-08,ENT102,BNK070450,2025-08-14,97522.53,123853.61,GBP,Unknown Counterparty,ACH Credit,UNMATCHED - ACH Credit,REF773440,123853.61,False,False,False,False,False
2025-08,ENT102,BNK070451,2025-08-26,42169.69,53555.51,GBP,Customer Payment,Check,Check - Customer Payment,REF753523,53555.51,False,False,False,False,False
2025-08,ENT102,BNK070452,2025-08-06,45985.04,58401.0,GBP,Customer Payment,Check,Check - Customer Payment,REF503402,58401.0,False,False,False,False,False
2025-08,ENT102,BNK070453,2025-08-12,23348.35,29652.41,GBP,Customer Payment,Check,Check - Customer Payment,REF987938,29652.41,False,False,False,False,False
2025-08,ENT102,BNK070454,2025-08-24,24438.25,31036.57,GBP,Apple,Fee,Fee - Apple,REF135087,31036.57,False,False,False,False,False
2025-08,ENT102,BNK070455,2025-08-02,57246.81,72703.45,GBP,Customer Payment,Interest,Interest - Customer Payment,REF824038,72703.45,False,False,False,False,False
2025-08,ENT102,BNK070456,2025-08-03,15066.66,19134.66,GBP,Apple,Interest,Interest - Apple,REF587521,19134.66,False,False,False,False,False
2025-08,ENT102,BNK070457,2025-08-17,8745.23,11106.44,GBP,Unknown Counterparty,Fee,UNMATCHED - Fee,REF595401,11106.44,False,False,False,False,False
2025-08,ENT102,BNK070458,2025-08-21,74426.92,94522.19,GBP,Unknown Counterparty,Interest,UNMATCHED - Interest,REF764469,94522.19,False,False,False,False,False
2025-08,ENT102,BNK070459,2025-08-18,-80011.73,-101614.89,GBP,Apple,ACH Debit,ACH Debit - Apple,REF661023,-101614.89,False,False,False,False,False
2025-08,ENT102,BNK070460,2025-08-25,2067.56,2625.8,GBP,Customer Payment,Check,Check - Customer Payment,REF701846,2625.8,False,False,False,False,False
2025-08,ENT102,BNK070461,2025-08-24,-33819.88,-42951.25,GBP,Apple,ACH Debit,ACH Debit - Apple,REF403257,-42951.25,False,False,False,False,False
2025-08,ENT102,BNK070462,2025-08-06,4497.3,5711.57,GBP,Apple,Fee,Fee - Apple,REF164401,5711.57,False,False,False,True,False
2025-08,ENT102,BNK070463,2025-08-21,47842.89,60760.47,GBP,Apple,ACH Credit,ACH Credit - Apple,REF948188,60760.47,False,False,False,False,False
2025-08,ENT102,BNK070464,2025-08-24,-62807.38,-79765.38,GBP,Google,ACH Debit,ACH Debit - Google,REF630155,-79765.38,False,False,False,False,False
2025-08,ENT102,BNK070465,2025-08-03,-85293.08,-108322.21,GBP,Apple,ACH Debit,ACH Debit - Apple,REF388586,-108322.21,False,False,False,False,False
2025-08,ENT102,BNK070466,2025-08-28,26438.62,33577.04,GBP,Unknown Counterparty,Interest,UNMATCHED - Interest,REF283095,33577.04,False,False,False,False,False
2025-08,ENT102,BNK070467,2025-08-30,59585.24,75673.26,GBP,Apple,ACH Credit,ACH Credit - Apple,REF947082,75673.26,False,False,False,False,False
2025-08,ENT102,BNK070468,2025-08-06,26864.01,34117.29,GBP,Google,Interest,Interest - Google,REF938202,34117.29,False,False,False,False,False
2025-08,ENT102,BNK070469,2025-08-17,-86339.43,-109651.07,GBP,Google,ACH Debit,ACH Debit - Google,REF724473,-109651.07,False,False,False,False,False
2025-08,ENT102,BNK070470,2025-08-30,82350.65,104585.33,GBP,Customer Payment,Check,Check - Customer Payment,REF907789,104585.33,False,False,False,False,False
2025-08,ENT102,BNK070471,2025-08-13,24556.8,31187.13,GBP,Google,Check,Check - Google,REF321099,31187.13,False,False,False,False,False
2025-08,ENT102,BNK070472,2025-08-19,-73701.75,-93601.22,GBP,Unknown Counterparty,ACH Debit,UNMATCHED - ACH Debit,REF377238,-93601.22,False,False,False,False,False
2025-08,ENT102,BNK070473,2025-08-25,82133.57,104309.63,GBP,Customer Payment,Wire Transfer,Wire Transfer - Customer Payment,REF599365,104309.63,False,False,False,False,False
2025-08,ENT102,BNK070474,2025-08-10,48150.36,61150.95,GBP,Customer Payment,Fee,Fee - Customer Payment,REF597643,61150.95,False,False,False,False,False
2025-08,ENT102,BNK070475,2025-08-09,15369.83,19519.69,GBP,Unknown Counterparty,Check,UNMATCHED - Check,REF936039,19519.69,False,False,False,False,False
2025-08,ENT102,BNK070476,2025-08-15,-38818.41,-49299.37,GBP,Microsoft,ACH Debit,ACH Debit - Microsoft,REF202093,-49299.37,False,False,False,False,False
2025-08,ENT102,BNK070477,2025-08-30,-53598.04,-68069.51,GBP,Customer Payment,ACH Debit,ACH Debit - Customer Payment,REF740140,-68069.51,False,False,False,False,False
2025-08,ENT102,BNK070478,2025-08-30,-65554.53,-83254.25,GBP,Apple,ACH Debit,ACH Debit - Apple,REF941289,-83254.25,False,False,False,False,True
2025-08,ENT102,BNK070479,2025-08-04,26279.05,33374.39,GBP,Google,Fee,Fee - Google,REF869983,33374.39,False,False,False,False,False
2025-08,ENT102,BNK070480,2025-08-22,59283.7,75290.31,GBP,Google,ACH Credit,ACH Credit - Google,REF428487,75290.31,False,False,False,False,False
2025-08,ENT102,BNK070481,2025-08-18,2047.22,2599.97,GBP,Microsoft,Wire Transfer,Wire Transfer - Microsoft,REF531225,2599.97,False,False,False,False,False
2025-08,ENT102,BNK070482,2025-08-04,53001.16,67311.48,GBP,Google,Interest,Interest - Google,REF860480,67311.48,False,False,False,False,False
2025-08,ENT102,BNK070483,2025-08-10,25937.71,32940.9,GBP,Unknown Counterparty,Wire Transfer,UNMATCHED - Wire Transfer,REF196407,32940.9,False,False,False,False,False
2025-08,ENT102,BNK070484,2025-08-02,93912.04,119268.29,GBP,Google,Interest,Interest - Google,REF728500,119268.29,False,False,False,False,True
2025-08,ENT102,BNK070485,2025-08-21,13057.22,16582.67,GBP,Unknown Counterparty,Wire Transfer,UNMATCHED - Wire Transfer,REF734059,16582.67,False,False,False,False,False
2025-08,ENT102,BNK070486,2025-08-05,38219.89,48539.25,GBP,Google,Interest,Interest - Google,REF216229,48539.25,False,False,True,False,False
2025-08,ENT102,BNK070487,2025-08-23,-19242.04,-24437.39,GBP,Microsoft,ACH Debit,ACH Debit - Microsoft,REF769809,-24437.39,False,False,False,False,False
2025-08,ENT102,BNK070488,2025-08-15,-92346.84,-117280.49,GBP,Apple,ACH Debit,ACH Debit - Apple,REF369836,-117280.49,False,False,False,False,False
2025-08,ENT102,BNK070489,2025-08-06,-78292.4,-99431.35,GBP,Customer Payment,ACH Debit,ACH Debit - Customer Payment,REF507466,-99431.35,False,False,False,False,False
2025-08,ENT102,BNK070490,2025-08-11,-99599.9,-126491.87,GBP,Apple,ACH Debit,ACH Debit - Apple,REF286572,-126491.87,False,False,False,False,False
2025-08,ENT102,BNK070491,2025-08-15,7870.45,9995.47,GBP,Google,ACH Credit,ACH Credit - Google,REF776838,9995.47,False,False,False,False,False
2025-08,ENT102,BNK070492,2025-08-16,11734.62,14902.96,GBP,Google,Fee,Fee - Google,REF743790,14902.96,False,False,False,False,False
2025-08,ENT102,BNK070493,2025-08-21,11518.72,14628.78,GBP,Microsoft,Check,Check - Microsoft,REF136554,14628.78,False,False,False,False,False
2025-08,ENT102,BNK070494,2025-08-03,7970.82,10122.94,GBP,Customer Payment,Interest,Interest - Customer Payment,REF119676,10122.94,False,False,False,False,False
2025-08,ENT102,BNK070495,2025-08-29,50272.44,63845.99,GBP,Microsoft,Interest,Interest - Microsoft,REF796889,63845.99,False,False,False,False,False
2025-08,ENT102,BNK070496,2025-08-13,27377.21,34769.06,GBP,Customer Payment,Interest,Interest - Customer Payment,REF702553,34769.06,False,False,False,False,False
2025-08,ENT102,BNK070497,2025-08-01,52022.92,66069.1,GBP,Customer Payment,Check,Check - Customer Payment,REF985049,66069.1,False,True,False,False,True
2025-08,ENT102,BNK070498,2025-08-24,78312.77,99457.21,GBP,Microsoft,Wire Transfer,Wire Transfer - Microsoft,REF503097,99457.21,False,False,False,False,False
2025-08,ENT102,BNK070499,2025-08-31,69236.87,87930.82,GBP,Unknown Counterparty,Check,UNMATCHED - Check,REF661307,87930.82,False,False,False,False,False
2025-08,ENT102,BNK070500,2025-08-30,-99168.54,-125944.04,GBP,Customer Payment,ACH Debit,ACH Debit - Customer Payment,REF157875,-125944.04,True,False,False,False,False
2025-08,ENT102,BNK070501,2025-08-21,99704.56,126624.8,GBP,Unknown Counterparty,Interest,UNMATCHED - Interest,REF660596,126624.8,False,False,False,False,False
2025-08,ENT102,BNK070502,2025-08-28,96131.63,122087.17,GBP,Apple,Wire Transfer,Wire Transfer - Apple,REF779259,122087.17,False,False,False,False,False
2025-08,ENT102,BNK070503,2025-08-07,18485.21,23476.22,GBP,Google,Wire Transfer,Wire Transfer - Google,REF413388,23476.22,False,False,False,False,False
2025-08,ENT102,BNK070504,2025-08-23,39620.37,50317.87,GBP,Apple,Wire Transfer,Wire Transfer - Apple,REF610135,50317.87,False,False,False,False,False
2025-08,ENT102,BNK070505,2025-08-03,88636.2,112567.98,GBP,Google,Check,Check - Google,REF137432,112567.98,False,False,False,False,False
2025-08,ENT102,BNK070506,2025-08-07,3511.1,4459.09,GBP,Customer Payment,Fee,Fee - Customer Payment,REF166052,4459.09,False,False,False,False,False
2025-08,ENT102,BNK070507,2025-08-26,-54514.65,-69233.61,GBP,Customer Payment,ACH Debit,ACH Debit - Customer Payment,REF117215,-69233.61,False,False,False,False,False
2025-08,ENT102,BNK070508,2025-08-02,-34589.23,-43928.32,GBP,Microsoft,ACH Debit,ACH Debit - Microsoft,REF525205,-43928.32,False,False,False,False,False
2025-08,ENT102,BNK070509,2025-08-04,21956.14,27884.3,GBP,Customer Payment,Interest,Interest - Customer Payment,REF811016,27884.3,False,False,False,False,False
2025-08,ENT102,BNK070510,2025-08-28,87551.28,111190.13,GBP,Google,ACH Credit,ACH Credit - Google,REF175532,111190.13,False,False,False,False,False
2025-08,ENT102,BNK070511,2025-08-02,73810.51,93739.35,GBP,Customer Payment,Check,Check - Customer Payment,REF748410,93739.35,False,False,False,False,False
2025-08,ENT102,BNK070512,2025-08-02,25025.57,31782.48,GBP,Unknown Counterparty,Interest,UNMATCHED - Interest,REF280616,31782.48,False,False,False,False,False
2025-08,ENT102,BNK070513,2025-08-21,-5945.84,-7551.22,GBP,Microsoft,ACH Debit,ACH Debit - Microsoft,REF578344,-7551.22,False,False,False,False,False
2025-08,ENT102,BNK070514,2025-08-20,17898.25,22730.78,GBP,Unknown Counterparty,Fee,UNMATCHED - Fee,REF957179,22730.78,False,False,False,False,False
2025-08,ENT102,BNK070515,2025-08-04,12303.79,15625.81,GBP,Google,Fee,Fee - Google,REF166175,15625.81,False,False,False,False,False
2025-08,ENT102,BNK070516,2025-08-26,-21061.47,-26748.07,GBP,Customer Payment,ACH Debit,ACH Debit - Customer Payment,REF439984,-26748.07,False,False,False,False,False
2025-08,ENT102,BNK070517,2025-08-04,97609.47,123964.03,GBP,Apple,Fee,Fee - Apple,REF977057,123964.03,False,False,False,False,False
2025-08,ENT102,BNK070518,2025-08-31,79517.07,100986.67,GBP,Apple,Wire Transfer,Wire Transfer - Apple,REF166292,100986.67,False,False,False,False,False
2025-08,ENT102,BNK070519,2025-08-04,28115.44,35706.61,GBP,Apple,Check,Check - Apple,REF680290,35706.61,True,False,False,False,False
2025-08,ENT102,BNK070520,2025-08-06,44427.46,56422.87,GBP,Unknown Counterparty,Fee,UNMATCHED - Fee,REF204823,56422.87,False,False,False,False,False
2025-08,ENT102,BNK070521,2025-08-26,84889.3,107809.42,GBP,Google,Fee,Fee - Google,REF116389,107809.42,False,False,False,False,False
2025-08,ENT102,BNK070522,2025-08-29,49209.78,62496.42,GBP,Unknown Counterparty,Wire Transfer,UNMATCHED - Wire Transfer,REF193471,62496.42,False,False,False,False,False
2025-08,ENT102,BNK070523,2025-08-23,-65523.82,-83215.26,GBP,Customer Payment,ACH Debit,ACH Debit - Customer Payment,REF825990,-83215.26,False,False,False,False,False
2025-08,ENT102,BNK070524,2025-08-05,21409.86,27190.52,GBP,Customer Payment,Interest,Interest - Customer Payment,REF532046,27190.52,False,False,False,False,False
2025-08,ENT102,BNK070525,2025-08-08,93870.87,119216.01,GBP,Google,Fee,Fee - Google,REF852037,119216.01,False,False,False,False,False
2025-08,ENT102,BNK070526,2025-08-16,61592.93,78223.02,GBP,Apple,Wire Transfer,Wire Transfer - Apple,REF464750,78223.02,False,False,False,True,False
2025-08,ENT102,BNK070527,2025-08-14,1452.43,1844.59,GBP,Microsoft,ACH Credit,ACH Credit - Microsoft,REF748985,1844.59,False,False,False,False,False
2025-08,ENT102,BNK070528,2025-08-12,86410.37,109741.18,GBP,Customer Payment,Fee,Fee - Customer Payment,REF907750,109741.18,False,False,False,False,False
2025-08,ENT102,BNK070529,2025-08-21,-66273.39,-84167.2,GBP,Unknown Counterparty,ACH Debit,UNMATCHED - ACH Debit,REF218152,-84167.2,False,False,False,True,False
2025-08,ENT102,BNK070530,2025-08-26,15772.52,20031.11,GBP,Google,Check,Check - Google,REF802695,20031.11,False,False,False,False,False
2025-08,ENT102,BNK070531,2025-08-30,5268.44,6690.92,GBP,Google,Interest,Interest - Google,REF555786,6690.92,False,False,False,False,False
2025-08,ENT102,BNK070532,2025-08-09,34095.17,43300.86,GBP,Unknown Counterparty,Check,UNMATCHED - Check,REF876383,43300.86,False,False,False,False,False
2025-08,ENT102,BNK070533,2025-08-02,92561.27,117552.82,GBP,Microsoft,ACH Credit,ACH Credit - Microsoft,REF608623,117552.82,False,False,False,False,False
2025-08,ENT102,BNK070534,2025-08-17,12490.44,15862.86,GBP,Apple,ACH Credit,ACH Credit - Apple,REF539422,15862.86,False,False,False,False,False
2025-08,ENT102,BNK070535,2025-08-07,-74961.59,-95201.22,GBP,Microsoft,ACH Debit,ACH Debit - Microsoft,REF441974,-95201.22,False,False,False,False,False
2025-08,ENT102,BNK070536,2025-08-08,10708.35,13599.6,GBP,Google,Interest,Interest - Google,REF493774,13599.6,False,False,False,False,False
2025-08,ENT102,BNK070537,2025-08-29,22845.61,29013.93,GBP,Microsoft,Check,Check - Microsoft,REF557037,29013.93,False,False,False,False,False
2025-08,ENT102,BNK070538,2025-08-05,22400.35,28448.45,GBP,Customer Payment,Fee,Fee - Customer Payment,REF491627,28448.45,False,False,False,False,False
2025-08,ENT102,BNK070539,2025-08-05,46316.28,58821.67,GBP,Apple,ACH Credit,ACH Credit - Apple,REF312033,58821.67,False,False,False,False,False
2025-08,ENT102,BNK070540,2025-08-11,13593.96,17264.34,GBP,Apple,Interest,Interest - Apple,REF243132,17264.34,False,False,True,False,False
2025-08,ENT102,BNK070541,2025-08-04,85313.49,108348.13,GBP,Apple,Check,Check - Apple,REF330533,108348.13,False,False,False,False,False
2025-08,ENT102,BNK070542,2025-08-29,30220.99,38380.66,GBP,Google,ACH Credit,ACH Credit - Google,REF706204,38380.66,False,False,False,False,False
2025-08,ENT102,BNK070543,2025-08-18,85645.4,108769.66,GBP,Customer Payment,Wire Transfer,Wire Transfer - Customer Payment,REF326956,108769.66,True,False,False,False,False
2025-08,ENT102,BNK070544,2025-08-19,47875.41,60801.77,GBP,Customer Payment,Check,Check - Customer Payment,REF871939,60801.77,False,False,False,False,False
2025-08,ENT102,BNK070545,2025-08-28,-25418.76,-32281.83,GBP,Google,ACH Debit,ACH Debit - Google,REF720517,-32281.83,False,True,False,False,False
2025-08,ENT102,BNK070546,2025-08-31,15748.0,19999.96,GBP,Customer Payment,Fee,Fee - Customer Payment,REF146372,19999.96,False,False,False,False,False
2025-08,ENT102,BNK070547,2025-08-02,99136.08,125902.82,GBP,Microsoft,Interest,Interest - Microsoft,REF546376,125902.82,False,False,False,False,False
2025-08,ENT102,BNK070548,2025-08-17,40037.7,50847.87,GBP,Customer Payment,Interest,Interest - Customer Payment,REF619344,50847.87,False,False,False,False,False
2025-08,ENT102,BNK070549,2025-08-08,9226.06,11717.1,GBP,Customer Payment,Wire Transfer,Wire Transfer - Customer Payment,REF328596,11717.1,False,False,False,False,False
2025-08,ENT102,BNK070550,2025-08-05,36482.16,46332.35,GBP,Microsoft,ACH Credit,ACH Credit - Microsoft,REF116703,46332.35,False,False,False,False,False
2025-08,ENT102,BNK070551,2025-08-16,67234.53,85387.85,GBP,Microsoft,ACH Credit,ACH Credit - Microsoft,REF576935,85387.85,False,False,False,False,False
2025-08,ENT102,BNK070552,2025-08-15,77411.67,98312.82,GBP,Apple,Interest,Interest - Apple,REF757258,98312.82,True,False,True,False,True
2025-08,ENT102,BNK070553,2025-08-15,70686.3,89771.61,GBP,Microsoft,Wire Transfer,Wire Transfer - Microsoft,REF503575,89771.61,False,False,False,False,False
2025-08,ENT102,BNK070554,2025-08-29,69384.31,88118.08,GBP,Unknown Counterparty,Fee,UNMATCHED - Fee,REF546590,88118.08,False,False,False,False,False
2025-08,ENT102,BNK070555,2025-08-25,27709.15,35190.62,GBP,Google,Fee,Fee - Google,REF925954,35190.62,False,False,False,False,False
2025-08,ENT102,BNK070556,2025-08-22,-9014.95,-11448.98,GBP,Microsoft,ACH Debit,ACH Debit - Microsoft,REF639740,-11448.98,False,False,False,False,False
2025-08,ENT102,BNK070557,2025-08-31,-91090.41,-115684.82,GBP,Microsoft,ACH Debit,ACH Debit - Microsoft,REF501557,-115684.82,False,False,False,False,False
2025-08,ENT102,BNK070558,2025-08-12,47069.93,59778.82,GBP,Google,Wire Transfer,Wire Transfer - Google,REF779658,59778.82,False,False,False,False,False
2025-08,ENT102,BNK070559,2025-08-18,70782.49,89893.77,GBP,Google,Fee,Fee - Google,REF245129,89893.77,False,False,False,False,False
2025-08,ENT102,BNK070560,2025-08-11,24624.64,31273.29,GBP,Google,Wire Transfer,Wire Transfer - Google,REF889759,31273.29,False,False,False,False,False
2025-08,ENT102,BNK070561,2025-08-24,-76327.7,-96936.18,GBP,Apple,ACH Debit,ACH Debit - Apple,REF628027,-96936.18,False,False,False,False,False
2025-08,ENT102,BNK070562,2025-08-22,42869.98,54444.88,GBP,Unknown Counterparty,Wire Transfer,UNMATCHED - Wire Transfer,REF461996,54444.88,False,False,True,False,False
2025-08,ENT102,BNK070563,2025-08-15,49136.46,62403.31,GBP,Customer Payment,Fee,Fee - Customer Payment,REF844305,62403.31,False,False,False,False,False
2025-08,ENT102,BNK070564,2025-08-18,68152.52,86553.7,GBP,Customer Payment,Fee,Fee - Customer Payment,REF751114,86553.7,False,False,False,False,False
2025-08,ENT102,BNK070565,2025-08-12,80190.48,101841.91,GBP,Microsoft,Interest,Interest - Microsoft,REF297503,101841.91,False,False,False,False,False
2025-08,ENT102,BNK070566,2025-08-29,88513.92,112412.68,GBP,Unknown Counterparty,Wire Transfer,UNMATCHED - Wire Transfer,REF287497,112412.68,False,False,False,False,False
2025-08,ENT102,BNK070567,2025-08-10,95867.39,121751.59,GBP,Unknown Counterparty,Wire Transfer,UNMATCHED - Wire Transfer,REF389346,121751.59,False,False,False,True,False
2025-08,ENT102,BNK070568,2025-08-04,70011.13,88914.13,GBP,Google,Check,Check - Google,REF645980,88914.13,False,False,False,False,False
2025-08,ENT102,BNK070569,2025-08-31,-63100.34,-80137.44,GBP,Google,ACH Debit,ACH Debit - Google,REF596925,-80137.44,False,False,False,False,False
2025-08,ENT102,BNK070570,2025-08-12,42592.87,54092.94,GBP,Apple,Interest,Interest - Apple,REF298244,54092.94,False,False,False,False,False
2025-08,ENT102,BNK070571,2025-08-03,3181.63,4040.66,GBP,Apple,ACH Credit,ACH Credit - Apple,REF531690,4040.66,False,False,False,False,False
2025-08,ENT102,BNK070572,2025-08-19,34936.46,44369.3,GBP,Customer Payment,Interest,Interest - Customer Payment,REF722180,44369.3,False,False,False,False,False
2025-08,ENT102,BNK070573,2025-08-22,69989.49,88886.66,GBP,Apple,Fee,Fee - Apple,REF694806,88886.66,False,False,False,False,False
2025-08,ENT102,BNK070574,2025-08-05,-89929.91,-114210.99,GBP,Apple,ACH Debit,ACH Debit - Apple,REF337798,-114210.99,False,False,False,False,False
2025-08,ENT102,BNK070575,2025-08-16,-37818.33,-48029.28,GBP,Microsoft,ACH Debit,ACH Debit - Microsoft,REF255544,-48029.28,False,False,False,False,False
2025-08,ENT102,BNK070576,2025-08-12,29153.82,37025.35,GBP,Google,ACH Credit,ACH Credit - Google,REF846389,37025.35,False,False,False,False,False
2025-08,ENT102,BNK070577,2025-08-18,29239.41,37134.05,GBP,Google,ACH Credit,ACH Credit - Google,REF269087,37134.05,False,False,False,False,False
2025-08,ENT102,BNK070578,2025-08-08,-12574.82,-15970.02,GBP,Customer Payment,ACH Debit,ACH Debit - Customer Payment,REF373056,-15970.02,False,False,False,False,False
2025-08,ENT102,BNK070579,2025-08-12,19265.16,24466.76,GBP,Apple,Fee,Fee - Apple,REF460549,24466.76,False,False,False,False,False
2025-08,ENT102,BNK070580,2025-08-05,37918.58,48156.59,GBP,Apple,Fee,Fee - Apple,REF227391,48156.59,False,True,False,False,False
2025-08,ENT102,BNK070581,2025-08-30,3467.6,4403.85,GBP,Customer Payment,Check,Check - Customer Payment,REF435772,4403.85,False,False,False,False,False
2025-08,ENT102,BNK070582,2025-08-05,1425.14,1809.92,GBP,Apple,Interest,Interest - Apple,REF778684,1809.92,False,False,False,False,False
2025-08,ENT102,BNK070583,2025-08-23,-30260.13,-38430.37,GBP,Google,ACH Debit,ACH Debit - Google,REF938416,-38430.37,False,False,False,False,False
2025-08,ENT102,BNK070584,2025-08-19,73125.83,92869.81,GBP,Microsoft,Check,Check - Microsoft,REF867180,92869.81,False,False,False,False,True
2025-08,ENT102,BNK070585,2025-08-16,90117.27,114448.94,GBP,Microsoft,ACH Credit,ACH Credit - Microsoft,REF423047,114448.94,False,False,False,False,False
2025-08,ENT102,BNK070586,2025-08-01,40761.36,51766.93,GBP,Microsoft,ACH Credit,ACH Credit - Microsoft,REF442220,51766.93,False,False,False,False,False
2025-08,ENT102,BNK070587,2025-08-02,61206.97,77732.85,GBP,Google,ACH Credit,ACH Credit - Google,REF919234,77732.85,False,False,False,False,False
2025-08,ENT102,BNK070588,2025-08-30,76942.42,97716.87,GBP,Unknown Counterparty,ACH Credit,UNMATCHED - ACH Credit,REF664566,97716.87,False,False,False,False,False
2025-08,ENT102,BNK070589,2025-08-28,45100.35,57277.44,GBP,Customer Payment,Interest,Interest - Customer Payment,REF303895,57277.44,False,False,False,False,False
2025-08,ENT102,BNK070590,2025-08-16,32458.02,41221.69,GBP,Microsoft,Fee,Fee - Microsoft,REF799155,41221.69,False,False,False,False,True
2025-08,ENT102,BNK070591,2025-08-12,40358.24,51254.97,GBP,Apple,Interest,Interest - Apple,REF504868,51254.97,False,False,False,False,False
2025-08,ENT102,BNK070592,2025-08-12,-2206.89,-2802.75,GBP,Customer Payment,ACH Debit,ACH Debit - Customer Payment,REF688285,-2802.75,False,False,False,False,False
2025-08,ENT102,BNK070593,2025-08-03,22353.82,28389.35,GBP,Customer Payment,Check,Check - Customer Payment,REF942725,28389.35,False,False,False,False,False
2025-08,ENT102,BNK070594,2025-08-15,29574.77,37559.96,GBP,Customer Payment,Interest,Interest - Customer Payment,REF863998,37559.96,False,False,False,False,False
2025-08,ENT102,BNK070595,2025-08-29,42005.18,53346.58,GBP,Google,Fee,Fee - Google,REF317877,53346.58,False,False,False,False,False
2025-08,ENT102,BNK070596,2025-08-10,47986.7,60943.11,GBP,Microsoft,Fee,Fee - Microsoft,REF719371,60943.11,False,False,False,False,False
2025-08,ENT102,BNK070597,2025-08-25,38201.47,48515.87,GBP,Apple,Wire Transfer,Wire Transfer - Apple,REF534649,48515.87,False,False,False,False,False
2025-08,ENT102,BNK070598,2025-08-06,56025.57,71152.47,GBP,Google,Interest,Interest - Google,REF308936,71152.47,False,False,False,False,False
2025-08,ENT102,BNK070599,2025-08-06,-83396.09,-105913.03,GBP,Microsoft,ACH Debit,ACH Debit - Microsoft,REF962767,-105913.03,False,False,False,False,False
